Sample,,,,,,,,,45  Sc  [ No Gas ] ,,56  Fe  [ No Gas ] ,,89  Y  [ No Gas ] ,,113  In  [ No Gas ] ,,139  La  [ No Gas ] ,,140  Ce  [ No Gas ] ,,141  Pr  [ No Gas ] ,,144  Nd  [ No Gas ] ,,146  Nd  [ No Gas ] ,,147  Sm  [ No Gas ] ,,151  Eu  [ No Gas ] ,,153  Eu  [ No Gas ] ,,157  Gd  [ No Gas ] ,,159  Tb  [ No Gas ] ,,163  Dy  [ No Gas ] ,,165  Ho  [ No Gas ] ,,166  Er  [ No Gas ] ,,169  Tm  [ No Gas ] ,,172  Yb  [ No Gas ] ,,175  Lu  [ No Gas ] ,,103  Rh ( ISTD )  [ No Gas ] ,
,Rjct,Data File,,Acq. Date-Time,Type,Level,Sample Name,Comment,CPS,CPS RSD,CPS,CPS RSD,CPS,CPS RSD,CPS,CPS RSD,CPS,CPS RSD,CPS,CPS RSD,CPS,CPS RSD,CPS,CPS RSD,CPS,CPS RSD,CPS,CPS RSD,CPS,CPS RSD,CPS,CPS RSD,CPS,CPS RSD,CPS,CPS RSD,CPS,CPS RSD,CPS,CPS RSD,CPS,CPS RSD,CPS,CPS RSD,CPS,CPS RSD,CPS,CPS RSD,CPS,CPS RSD
113  In  [ No Gas ] :  Calibration Curve Fit R value = -0.283993 is below the allowed minimum = 0.950000,FALSE,001CALB.d,,12/11/2021 12:06,CalBlk,,blank,,5707.88,2.3,,,80.67,12.5,33.33,91.7,63.33,3.6,112.67,12.1,30.67,38.2,16.67,34.6,8.67,35.3,8,25,20,60.8,26.67,21.7,10,20,62,26.4,8.67,26.6,33.33,3.5,16,33.1,50,20,14,0,62,6.5,164588.03,0.5
113  In  [ No Gas ] :  Calibration Curve Fit R value = -0.283993 is below the allowed minimum = 0.950000,FALSE,002CALS.d,,12/11/2021 12:11,CalStd,1,1,,32623.38,2.5,,,73323.28,0.1,23.33,99,92624.02,0.4,87771.4,0.7,106159.83,0.6,29431.23,2.8,19572.91,0.9,16823.7,1.3,55898.92,0.5,62298.68,0.5,20127.87,0.8,122935.55,0.6,30132.89,0.8,121550.55,0.8,40613.81,0.5,126438.76,0.5,28606.2,0.7,128657.77,0.5,162122.94,0.7
113  In  [ No Gas ] :  Calibration Curve Fit R value = -0.283993 is below the allowed minimum = 0.950000,FALSE,003CALS.d,,12/11/2021 12:16,CalStd,2,2,,64474.55,1.7,,,145393.96,0.5,40,25,183404.67,0.4,175844.83,1,209612.32,0.1,58627.78,1.9,38448.55,1.6,33141.89,1.3,111240.83,0.6,123125.62,1.2,40339.32,0.7,245020.57,1,59588.35,0.2,242752.04,0.8,80996.84,0.6,252580.54,0.5,56323.66,1.1,255056.43,0.9,161600.18,0.5
113  In  [ No Gas ] :  Calibration Curve Fit R value = -0.283993 is below the allowed minimum = 0.950000,FALSE,004CALS.d,,12/11/2021 12:21,CalStd,3,5,,161364.82,0.2,,,359912.45,0.3,6.67,173.2,459437.49,0.4,433868.49,0.1,523644.59,0.2,146271.42,1.4,96467.99,0.6,83038.35,0.7,275115.79,0.5,307945.5,0.6,100417.73,0.8,612396.06,0.2,149141.67,0.3,606484.42,0.5,203262.48,0.5,633785.27,0.3,139563.14,0.5,637469.27,0.2,159856.48,0.5
113  In  [ No Gas ] :  Calibration Curve Fit R value = -0.283993 is below the allowed minimum = 0.950000,FALSE,005CALS.d,,12/11/2021 12:26,CalStd,4,10,,325869.66,0.3,,,716569.17,0.6,43.33,26.6,909030.83,0,865314.61,0.3,1043628.25,0.2,291455.36,0.9,192739.17,0.1,166439.3,0.2,550950.29,0.5,617457.61,0.1,199046.07,0.4,1258073.04,1.1,297031.45,0.4,1239460.54,0.9,405721.47,0.2,1308583.5,1.2,279522.01,0.2,1317985.83,1.5,159928.39,0.5
"113  In  [ No Gas ] :  Calibration Curve Fit R value = -0.283993 is below the allowed minimum = 0.950000103  Rh ( ISTD )  [ No Gas ] :  CPS RSD value = 23.88 is over the allowed maximum = 5.00103  Rh ( ISTD )  [ No Gas ] :  ISTD Recovery Percent value = 76.12 is outside the allowed range [80.00, 120.00]",FALSE,006CALS.d,,12/11/2021 12:31,CalStd,5,25,,828978.34,3.1,,,1839029.71,2.5,13.33,43.3,2349928.67,1.6,2258270.17,2.7,2698164.5,0.6,737743.45,1.1,485010.51,1.3,421612.45,1.6,1432799.21,0.4,1626210.81,1.2,503220.51,1.2,3149526,0.7,757367.75,1.5,3144476.58,2.3,1029310.06,1.8,3260288.5,2.3,711127.25,1.5,3328015.92,2,125283.78,23.9
113  In  [ No Gas ] :  Calibration Curve Fit R value = -0.283993 is below the allowed minimum = 0.950000,FALSE,007CALS.d,,12/11/2021 12:36,CalStd,6,50,,1694388.04,1.2,,,3593621.33,0.6,26.67,78.1,4579628.33,0.8,4365777.33,0.8,5264528.17,0.6,1509854.04,2.4,969462.71,0.2,840231.91,0.9,2835409.58,0.3,3195600.89,0.5,1007325.6,0.4,6238498.5,1.4,1573173,1,6139700,0.9,2100289.17,0.4,6369370.83,1.8,1466988.96,0.9,6485315.33,0.7,157106.56,0.9
113  In  [ No Gas ] :  Calibration Curve Fit R value = -0.283993 is below the allowed minimum = 0.950000,FALSE,008CALS.d,,12/11/2021 12:41,CalStd,7,100,,3347327.42,2.1,,,7090454.67,0.8,23.33,49.5,9068981.67,0.6,8690018.33,0.9,10465731.67,1.1,2997641.21,0.3,1981308.58,0.5,1739370.21,1.5,5553914,0.7,6188600.74,1.3,2106046.54,1.2,12243197.67,0.7,3120482.08,0.9,12156500.67,0.6,4169353.42,1.8,12697359,0.7,2918097.25,1,12916491,0.7,156749.84,0.2
113  In  [ No Gas ] :  Calibration Curve Fit R value = -0.283993 is below the allowed minimum = 0.950000,FALSE,009CALS.d,,12/11/2021 12:46,CalStd,8,250,,8166803.17,1.4,,,17672159.33,0.4,30,33.3,22523055.33,0.7,21546634.67,1,26260811.33,0.6,7218166.14,0.4,4818337.33,0.8,4205591.92,1.2,13807547.33,0.3,15453463.52,0.9,5015779,0.1,30515362.67,0.7,7493124.33,1.2,30114306.67,0.2,10187808,0.4,31423466.67,1.2,7079633.83,0.3,32016970,0.5,155658.34,0.4
113  In  [ No Gas ] :  Calibration Curve Fit R value = -0.283993 is below the allowed minimum = 0.950000,FALSE,010CALS.d,,12/11/2021 12:50,CalStd,9,500,,16285078.67,0.4,,,35264181.33,1.1,16.67,91.7,44770206.67,0.9,42688252,0.6,51037597.33,0.7,14337863.95,1.2,9463341.67,0.5,8285533.5,0.6,27293498.67,0.8,30622612.88,0.4,9918726.67,0.3,60483289.33,0.3,14741670,0.8,59553964,0.5,20196142.67,1.6,62565150.67,0.2,13837518,1.2,63432236,0.5,156721.98,0.4
113  In  [ No Gas ] :  Calibration Curve Fit R value = -0.283993 is below the allowed minimum = 0.950000,FALSE,011CALS.d,,12/11/2021 12:54,CalStd,10,1000,,33273314,1.5,,,71509888,0.6,16.67,34.6,90917064,1.1,86507274.67,1.1,104951722.7,0.8,29149512.9,0.8,19389910.67,1,16741904.67,0.4,55172005.33,0.5,61727975.75,0.4,20133848.67,0.7,121846736,0.4,29903394,0.1,120381605.3,0.8,40346230.67,0.4,125787024,1.1,27872816,0.3,127173864,0.6,156647.87,0.7
113  In  [ No Gas ] :  Calibration Curve Fit R value = -0.283993 is below the allowed minimum = 0.950000,FALSE,012BLKV.d,,12/11/2021 12:58,BlkVrfy,,blank verify,,13018.9,4.3,,,1034.05,6.4,16.67,124.9,1207.4,3.3,1230.07,1.9,1436.09,3.7,393.35,16.3,276.67,9.2,216,8,772.03,7.9,920.07,3.9,300.01,3.1,1657.45,3.2,394.68,5.1,1690.79,2.5,542.02,4.2,1741.47,4.4,380.01,4.5,1782.81,3.6,152906.81,0.4
113  In  [ No Gas ] :  Calibration Curve Fit R value = -0.283993 is below the allowed minimum = 0.950000113  In  [ No Gas ] :  Concentration value = 1311.33 is over the calibration range,FALSE,013SMPL.d,,12/11/2021 13:04,Sample,,4100_1_10-30,,4860.89,1.7,,,498.68,4.9,36.67,41.7,5648635.33,1.5,515.35,9,408.68,7.9,160.01,28.6,89.33,14.9,68,18.4,2049035.17,1,2283454.45,1.3,180.67,7.1,481.34,1.7,106,13.1,460.68,4.7,151.33,9.3,1094.72,2.7,1625003.42,0.8,598.02,6,150017.64,0.6
113  In  [ No Gas ] :  Calibration Curve Fit R value = -0.283993 is below the allowed minimum = 0.950000113  In  [ No Gas ] :  Concentration value = 2384.36 is over the calibration range,FALSE,014SMPL.d,,12/11/2021 13:09,Sample,,4100_1_10-60,,3847.24,2.4,,,488.01,2.3,66.67,8.7,19525232,0.5,658.02,4.5,350.68,8.2,100,43.6,72,5.6,50,13.9,9315268,0.5,10450594.43,1.1,406.68,5.3,380.01,5.9,106,26.7,384.68,12.1,124,19.8,3311.79,3.4,6590658,0.8,654.69,6.2,147491.52,0.3
113  In  [ No Gas ] :  Calibration Curve Fit R value = -0.283993 is below the allowed minimum = 0.950000,FALSE,015SMPL.d,,12/11/2021 13:14,Sample,,4100_1_50-10,,3361.1,1.7,,,265.34,10,13.33,43.3,3107980.75,1.5,361.34,7.8,167.33,6.1,83.34,38.6,45.33,37,35.33,11.8,1109699.46,0.3,1271255.61,1,86,12.3,160.67,21.3,57.33,15.7,202,5.5,70,28.6,524.01,9.3,552922.63,0.2,198.67,20.7,142701.12,0.1
113  In  [ No Gas ] :  Calibration Curve Fit R value = -0.283993 is below the allowed minimum = 0.950000,FALSE,016SMPL.d,,12/11/2021 13:19,Sample,,4100_1_50-30,,3092.37,5,,,287.34,6,26.67,57.3,11279654.67,0.5,482.68,8.6,126,8.4,40,75,34,46.7,16.67,55.4,5327355.5,1.2,5905249.7,1.2,236.67,14.1,93.33,29.2,43.33,28.2,104.67,12.7,44,51.2,1778.81,1.6,3310752.67,0.2,234.67,14.5,142036.01,0.3
113  In  [ No Gas ] :  Calibration Curve Fit R value = -0.283993 is below the allowed minimum = 0.950000,FALSE,017SMPL.d,,12/11/2021 13:24,Sample,,4100_2_10-30,,2872.99,3.4,,,215.33,2.8,23.33,24.7,5301188.5,1,176.67,8.5,62,8.5,36.67,41.7,22,86.7,9.33,44.6,1962430.67,0.7,2156168.77,0.5,113.33,6.2,44.67,30.5,22,32.8,45.33,20.8,19.33,33.3,635.35,1.4,1521274.5,1.4,124,8.4,145749.75,0.6
113  In  [ No Gas ] :  Calibration Curve Fit R value = -0.283993 is below the allowed minimum = 0.950000113  In  [ No Gas ] :  Concentration value = 1549.75 is over the calibration range,FALSE,018SMPL.d,,12/11/2021 13:29,Sample,,4100_2_10-60,,2744.29,0.2,,,270.67,13,43.33,13.3,19923553.33,0.6,406.01,2.7,57.33,14.1,33.33,45.8,22.67,75,11.33,36.7,9602647,1.2,10770908.17,0.7,375.34,2,30.67,19.9,14,42.9,43.33,17.5,22.67,18.4,3071.73,2.4,6826902,0.9,360.68,1.4,146924.61,0.4
113  In  [ No Gas ] :  Calibration Curve Fit R value = -0.283993 is below the allowed minimum = 0.950000113  In  [ No Gas ] :  Concentration value = 1192.12 is over the calibration range,FALSE,019SMPL.d,,12/11/2021 13:34,Sample,,4100_2_50-10,,2662.94,2.8,,,152.67,5,33.33,62.4,2767930.75,0.9,230.67,5.9,52.67,31.8,26.67,57.3,19.33,31.6,2.67,114.6,971673.19,0.3,1082322.43,0.2,62.67,8,22.67,20.4,12.67,48.2,33.33,18.3,12,16.7,324.68,6.5,498253.54,0.4,42,29,141001.18,0.5
113  In  [ No Gas ] :  Calibration Curve Fit R value = -0.283993 is below the allowed minimum = 0.950000,FALSE,020SMPL.d,,12/11/2021 13:39,Sample,,4100_2_50-30,,2566.92,2,,,181.33,9.5,20,132.3,11007069.33,0.6,423.34,3.5,34.67,24,23.33,49.5,18.67,27,2,0,5166380.83,0.8,5773254.49,0.6,192,10.8,12,16.7,9.33,12.4,11.33,50.9,10,60,1726.8,1.2,3240126.08,1.2,133.33,1.7,142766.95,0.6
113  In  [ No Gas ] :  Calibration Curve Fit R value = -0.283993 is below the allowed minimum = 0.950000,FALSE,021SMPL.d,,12/11/2021 13:44,Sample,,4100_3_10-30,,2466.24,0.3,,,148.67,5.4,10,173.2,5600796,0.8,148,6.2,43.33,11.6,20,86.6,14.67,55.1,5.33,108.3,2057953.29,0.3,2295379.55,0.4,104,15,12.67,24.1,6.67,45.8,18.67,27,9.33,32.7,646.02,4.5,1647207.54,2.1,92,7.8,146096.94,0.9
113  In  [ No Gas ] :  Calibration Curve Fit R value = -0.283993 is below the allowed minimum = 0.950000113  In  [ No Gas ] :  Concentration value = 1192.12 is over the calibration range,FALSE,022SMPL.d,,12/11/2021 13:49,Sample,,4100_3_10-60,,2344.21,3.5,,,212.67,10.4,33.33,34.6,19505958.67,0.2,352.68,9.7,37.33,3.1,16.67,69.3,17.33,17.6,5.33,21.7,9416782,1.4,10397129.01,1.4,354.68,4.1,12.67,32.9,14,24.7,22,24.1,10,40,2967.03,2.6,6752211.83,0.8,297.34,4.1,145603.46,0.5
113  In  [ No Gas ] :  Calibration Curve Fit R value = -0.283993 is below the allowed minimum = 0.950000,FALSE,023SMPL.d,,12/11/2021 13:54,Sample,,cal check 10,,291761.31,0.7,,,660882.27,0.3,13.33,86.6,858281.92,0.4,818303.12,0.3,996865.17,0.2,278283.24,0.8,183319.06,0.4,159646.94,0.2,529234.27,0.7,596185.49,0.6,191199.27,0.1,1215023.12,0,288526.51,0.2,1204842,0.6,393915.57,0.6,1259300.21,0.6,271683.2,0.1,1298061.17,0.8,147107.44,0.4
113  In  [ No Gas ] :  Calibration Curve Fit R value = -0.283993 is below the allowed minimum = 0.950000,FALSE,024SMPL.d,,12/11/2021 13:59,Sample,,blank,,5479.8,1.4,,,60.67,16.9,26.67,108.3,133.33,16.2,112,22.4,46.67,12.4,30,33.3,13.33,22.9,8,25,73.33,13.7,90,33.3,8,43.3,58.67,7.9,24,52,65.33,35.9,20,20,58.67,13.8,42,9.5,66,27.3,145559.76,0.4
113  In  [ No Gas ] :  Calibration Curve Fit R value = -0.283993 is below the allowed minimum = 0.950000,FALSE,025SMPL.d,,12/11/2021 14:04,Sample,,4100_3_50-10,,2838.98,1.5,,,162.67,4,13.33,114.6,2887003.92,0.9,219.33,5.9,32.67,18.7,16.67,34.6,16.67,34.6,1.33,86.6,1042832.08,0.5,1226628.16,0.6,61.33,8.2,14.67,47.9,8.67,35.3,10.67,57.3,4.67,65.5,330.01,11.6,533549.79,0.5,32.67,40.8,141510.57,0.2
113  In  [ No Gas ] :  Calibration Curve Fit R value = -0.283993 is below the allowed minimum = 0.950000,FALSE,026SMPL.d,,12/11/2021 14:09,Sample,,4100_3_50-30,,2587.6,2.2,,,228,5.5,26.67,43.3,10665444.67,0.5,420.68,7.2,42,23.8,16.67,34.6,21.33,51.6,6,57.7,4985476.17,1.1,5574401.58,0.5,190.67,12.9,12,16.7,8,66.1,12.67,32.9,15.33,65.7,1562.11,1.2,3112376.17,0.5,158.67,8.1,138855.51,0.3
113  In  [ No Gas ] :  Calibration Curve Fit R value = -0.283993 is below the allowed minimum = 0.950000113  In  [ No Gas ] :  Concentration value = 1668.97 is over the calibration range,FALSE,027SMPL.d,,12/11/2021 14:14,Sample,,4103_1_10-30,,2390.89,3.4,,,178.67,17.4,46.67,12.4,5845851.5,0.4,156,19,24.67,46.8,23.33,65.5,16,33.1,8.67,58.1,2170900.92,0.7,2424550.23,0.6,120.67,10,8,75,5.33,21.7,8.67,13.3,9.33,32.7,716.69,4.7,1728068.38,1.3,72.67,25.4,142673.19,0.5
113  In  [ No Gas ] :  Calibration Curve Fit R value = -0.283993 is below the allowed minimum = 0.950000113  In  [ No Gas ] :  Concentration value = 1072.91 is over the calibration range,FALSE,028SMPL.d,,12/11/2021 14:19,Sample,,4103_1_10-60,,2289.55,5.3,,,294.67,8.6,30,0,19447109.33,1,328.68,13,44,19.8,23.33,24.7,18,19.2,3.33,69.3,9565868,1.2,10726158.17,0.5,383.34,8,12.67,24.1,6,33.3,18,33.3,13.33,60.6,3144.41,1,6692269,0.5,278,9.2,142174.13,0.4
113  In  [ No Gas ] :  Calibration Curve Fit R value = -0.283993 is below the allowed minimum = 0.950000,FALSE,029SMPL.d,,12/11/2021 14:24,Sample,,4103_1_50-10,,2316.88,1.1,,,166.67,18.7,26.67,78.1,3198043.75,0.4,258.67,6,29.33,37.6,13.33,114.6,17.33,37.1,8,43.3,1263886.95,1.2,1411757.37,1.1,52,10.2,6.67,45.8,12.67,50.8,9.33,49.5,3.33,69.3,394.68,5,605727.19,0.3,32.67,24.7,137877.86,0.5
113  In  [ No Gas ] :  Calibration Curve Fit R value = -0.283993 is below the allowed minimum = 0.950000113  In  [ No Gas ] :  Concentration value = 1549.75 is over the calibration range,FALSE,030SMPL.d,,12/11/2021 14:29,Sample,,4103_1_50-30,,2418.9,4,,,206,13.7,43.33,35.3,11202059.67,0.4,401.34,11.3,27.33,16.9,30,66.7,20,10,5.33,57.3,5361191.5,0.8,6036398.66,0.3,205.33,9.8,6,33.3,8,66.1,14.67,31.5,12,44.1,1761.47,2.3,3363624.25,0.4,142.67,5.8,137897.58,0.4
113  In  [ No Gas ] :  Calibration Curve Fit R value = -0.283993 is below the allowed minimum = 0.950000113  In  [ No Gas ] :  Concentration value = 2026.60 is over the calibration range,FALSE,031SMPL.d,,12/11/2021 14:34,Sample,,4103_2_10-30,,2275.54,1.1,,,204.67,2,56.67,20.4,5905791,1.6,180,4.4,32.67,46.8,20,86.6,14,37.8,6,57.7,2259259.42,1,2527502.05,0.5,112,15.9,4,50,10,40,16,69.6,8,43.3,690.69,1.6,1750392.59,1.1,76,19.9,142843.67,1
113  In  [ No Gas ] :  Calibration Curve Fit R value = -0.283993 is below the allowed minimum = 0.950000103  Rh ( ISTD )  [ No Gas ] :  CPS RSD value = 13.31 is over the allowed maximum = 5.00,FALSE,032SMPL.d,,12/11/2021 14:39,Sample,,4103_2_10-60,,2129.51,0.9,,,256,6.7,26.67,78.1,19589038,0.9,348.01,4.3,28,24.7,36.67,68.6,19.33,51,6,33.3,9497916,0.8,10631455.67,1.8,374.68,10.2,4.67,99,8.67,74.2,10.67,28.6,7.33,41.7,3228.43,1.7,6840839,1.3,316.68,1.3,154149.53,13.3
113  In  [ No Gas ] :  Calibration Curve Fit R value = -0.283993 is below the allowed minimum = 0.950000,FALSE,033SMPL.d,,12/11/2021 14:44,Sample,,4103_2_50-10,,2351.55,4,,,153.33,18,13.33,43.3,3095116.75,0.7,234.67,15.5,39.33,19.3,13.33,43.3,8.67,96.1,3.33,69.3,1162346.04,1.6,1313325.5,0.6,56,25.8,6,66.7,7.33,56.8,8.67,48,8,43.3,378.01,5,561509.73,0.7,30.67,13.6,138156.21,0.3
113  In  [ No Gas ] :  Calibration Curve Fit R value = -0.283993 is below the allowed minimum = 0.950000,FALSE,034SMPL.d,,12/11/2021 14:49,Sample,,4103_2_50-30,,2286.21,2,,,256.67,4.6,16.67,69.3,11282588.33,1.1,409.34,2,34,5.9,20,0,16.67,36.7,5.33,43.3,5392270.5,0.5,6032837.62,0.7,215.33,5.4,6,66.7,10.67,10.8,15.33,7.5,14,49.5,1804.81,3.2,3354275.83,0.8,140.67,4.1,137314.36,0.2
113  In  [ No Gas ] :  Calibration Curve Fit R value = -0.283993 is below the allowed minimum = 0.950000,FALSE,035SMPL.d,,12/11/2021 14:54,Sample,,cal check 25,,732067.88,0.4,,,1658925.88,0.2,10,100,2157023.5,0.8,2091995.08,0.5,2531279.25,0.5,680773.09,0.3,450706.29,0.3,391770.81,0.7,1362065.08,0.7,1525624.25,1.5,470260.12,0.7,2980442.25,0.7,708685.44,0.6,2973897.5,0.8,967722.77,0.7,3104583.08,0.7,669370.94,0.1,3146485,0.3,143397.73,0.3
113  In  [ No Gas ] :  Calibration Curve Fit R value = -0.283993 is below the allowed minimum = 0.950000,FALSE,036SMPL.d,,12/11/2021 14:59,Sample,,blank,,5935.32,1.7,,,68.67,24.3,20,132.3,141.33,10.6,131.33,6.3,60.67,26.4,6.67,86.6,13.33,43.3,8,100,76,14.7,76.67,39.9,12,16.7,65.33,18.5,17.33,48,70,7.6,20.67,5.6,64,11.3,37.33,48.3,77.33,14.2,143405.09,0.5
113  In  [ No Gas ] :  Calibration Curve Fit R value = -0.283993 is below the allowed minimum = 0.950000,FALSE,037SMPL.d,,12/11/2021 15:04,Sample,,4103_3_10-30,,2509.58,0.3,,,101.33,5,26.67,57.3,4957379.17,0.7,126,8.8,31.33,20.5,23.33,89.2,6,66.7,6,57.7,1751054.54,1.1,1965009.4,1.3,87.33,14.5,14,37.8,6,57.7,19.33,46.6,10.67,28.6,554.02,6.8,1373015.54,1.6,75.33,17.7,142233.56,0.4
113  In  [ No Gas ] :  Calibration Curve Fit R value = -0.283993 is below the allowed minimum = 0.950000113  In  [ No Gas ] :  Concentration value = 2026.72 is over the calibration range,FALSE,038SMPL.d,,12/11/2021 15:09,Sample,,4103_3_10-60,,2215.53,1.9,,,180,10.6,56.67,143.7,17943731.33,0.6,333.34,8.1,30,13.3,3.33,173.2,13.33,22.9,4,50,8406107.33,0.3,9445899.23,0.7,331.34,6.6,16.67,18.3,12,60.1,16,33.1,9.33,89.2,2746.98,2.5,6015663.33,0.4,251.34,6,140301.1,0.5
113  In  [ No Gas ] :  Calibration Curve Fit R value = -0.283993 is below the allowed minimum = 0.950000,FALSE,039SMPL.d,,12/11/2021 15:14,Sample,,4103_3_50-10,,2258.87,3.6,,,84.67,11.9,3.33,173.2,3111756.08,0.9,245.33,5.2,28,24.7,10,173.2,12,28.9,5.33,21.7,1187907.63,0.2,1313445.35,1.4,51.33,27.4,6.67,34.6,4,0,8,90.1,2,100,385.34,1.7,562846.25,0.2,32.67,21.5,136302.13,0.8
113  In  [ No Gas ] :  Calibration Curve Fit R value = -0.283993 is below the allowed minimum = 0.950000113  In  [ No Gas ] :  Concentration value = 1072.91 is over the calibration range,FALSE,040SMPL.d,,12/11/2021 15:19,Sample,,4103_3_50-30,,2242.87,2.3,,,119.33,11.8,30,57.7,11199195,0.4,428.01,6.1,23.33,9.9,26.67,43.3,8,25,6,88.2,5374286.33,0.2,5984318.25,1,211.33,13.1,10,60,5.33,57.3,4.67,24.7,4,50,1864.15,3.6,3347010.58,0.1,148,20,136397.19,0.3
113  In  [ No Gas ] :  Calibration Curve Fit R value = -0.283993 is below the allowed minimum = 0.950000113  In  [ No Gas ] :  Concentration value = 1549.75 is over the calibration range,FALSE,041SMPL.d,,12/11/2021 15:24,Sample,,4104_1_10-30,,2098.18,4.6,,,94.67,9.5,43.33,35.3,5102238.33,0.4,138,7.2,22.67,31,30,57.7,11.33,44.4,2,100,1869757.04,1.7,2078649.87,0.3,107.33,12.4,8.67,35.3,6.67,45.8,6,66.7,6,33.3,606.02,0,1423504.13,0.5,72,13.9,136133.9,3.6
113  In  [ No Gas ] :  Calibration Curve Fit R value = -0.283993 is below the allowed minimum = 0.950000113  In  [ No Gas ] :  Concentration value = 1311.33 is over the calibration range,FALSE,042SMPL.d,,12/11/2021 15:29,Sample,,4104_1_10-60,,2042.84,2.1,,,130,8.6,36.67,31.5,19090886.67,0.5,330.01,4.6,14,37.8,23.33,65.5,10,40,1.33,86.6,9327650.33,2,10416737.13,1.3,375.34,6.2,10.67,39,2.67,114.6,8.67,35.3,2.67,86.6,3125.74,1.2,6492888,0.6,282.67,8.8,139986.03,0.6
113  In  [ No Gas ] :  Calibration Curve Fit R value = -0.283993 is below the allowed minimum = 0.950000113  In  [ No Gas ] :  Concentration value = 1788.18 is over the calibration range,FALSE,043SMPL.d,,12/11/2021 15:34,Sample,,4104_1_50-10,,2064.84,1.6,,,94.67,6.5,50,34.6,2908908.58,1.2,216.67,11.3,18.67,22.3,20,50,6.67,45.8,4,132.3,1044744.18,0.5,1218658.63,1.5,54,22.5,6.67,45.8,5.33,86.6,2.67,114.6,7.33,56.8,370.01,8.5,533043.17,0.2,26.67,31.2,135879.13,0.6
113  In  [ No Gas ] :  Calibration Curve Fit R value = -0.283993 is below the allowed minimum = 0.950000103  Rh ( ISTD )  [ No Gas ] :  CPS RSD value = 16.78 is over the allowed maximum = 5.00,FALSE,044SMPL.d,,12/11/2021 15:39,Sample,,4104_1_50-30,,2152.85,1.3,,,124.67,28.7,13.33,86.6,10924478,1.3,380.68,7.5,16,25,6.67,86.6,10,52.9,4,0,5070282.67,1.3,5691460.12,0.8,200.67,11.2,8.67,93.3,5.33,57.3,8.67,35.3,7.33,31.5,1680.79,5.2,3237181.25,2.5,140.67,14.2,136450.63,16.8
113  In  [ No Gas ] :  Calibration Curve Fit R value = -0.283993 is below the allowed minimum = 0.950000,FALSE,045SMPL.d,,12/11/2021 15:44,Sample,,4104_2_10-30,,2029.5,2.6,,,117.33,9.4,23.33,24.7,5621465.33,1.4,145.33,19,25.33,52.6,26.67,57.3,13.33,48.2,4,86.6,2075772.96,1,2309970.02,0.6,110.67,8.9,6,66.7,10,72.1,6,0,5.33,78.1,646.02,2.4,1671606.04,0.8,68.67,24.4,139085.13,0.4
113  In  [ No Gas ] :  Calibration Curve Fit R value = -0.283993 is below the allowed minimum = 0.950000,FALSE,046SMPL.d,,12/11/2021 15:49,Sample,,4104_2_10-60,,2010.16,5.1,,,117.33,5.2,13.33,86.6,19308152,1.1,352.68,6.2,16,12.5,13.33,114.6,6.67,45.8,4,100,9345114,0.4,10590173.38,1.2,366.01,5.7,7.33,56.8,5.33,57.3,6,33.3,6.67,45.8,3158.41,1.1,6734062.83,1.5,302.68,6,138877.31,0.6
113  In  [ No Gas ] :  Calibration Curve Fit R value = -0.283993 is below the allowed minimum = 0.950000,FALSE,047SMPL.d,,12/11/2021 15:54,Sample,,cal check 50,,1517916.04,0.8,,,3252340.75,1.1,10,100,4236047,1.2,4033306,0.8,4929118.33,1.2,1402857.84,0.8,898809.31,0.5,783016.58,0.7,2664469.83,0.8,2959724.96,1.3,935367.52,0.2,5828664,0.4,1457683.42,1.2,5751179.5,0.8,2001079.05,0.7,6025265.5,0.7,1383911.62,0.8,6145104.67,0.5,140125.02,0.5
113  In  [ No Gas ] :  Calibration Curve Fit R value = -0.283993 is below the allowed minimum = 0.950000,FALSE,048SMPL.d,,12/11/2021 15:59,Sample,,blank,,6459.57,0.6,,,84.67,13.4,13.33,43.3,148.67,18.1,126.67,12.8,83.33,12.1,36.67,15.7,17.33,17.6,14.67,15.7,97.33,11.3,70,14.3,19.33,47.8,110,21.8,19.33,31.6,91.33,22.2,36.67,24.6,97.33,9.3,50,12,117.33,8.1,140311.27,0.9
113  In  [ No Gas ] :  Calibration Curve Fit R value = -0.283993 is below the allowed minimum = 0.950000,FALSE,049SMPL.d,,12/11/2021 16:04,Sample,,4104_2_50-10,,2731.62,2.2,,,79.33,17.7,10,100,3075794.42,0.8,241.34,16.1,38,10.5,3.33,173.2,13.33,85.3,10,52.9,1138313.79,3,1295209.75,0.5,50.67,19.5,24,44.1,6.67,45.8,26.67,21.7,18,33.3,389.34,3.9,545068.94,0.6,45.33,11.1,133967.88,1
113  In  [ No Gas ] :  Calibration Curve Fit R value = -0.283993 is below the allowed minimum = 0.950000113  In  [ No Gas ] :  Concentration value = 1072.91 is over the calibration range,FALSE,050SMPL.d,,12/11/2021 16:09,Sample,,4104_2_50-30,,2377.55,3.9,,,140,7.6,30,33.3,11099067.33,0.4,396.01,6.1,22,15.7,16.67,69.3,16.67,27.7,4,50,5219730.33,0.3,5819630.54,0.4,205.33,3.1,17.33,17.6,3.33,34.6,16,33.1,10,20,1756.13,1.9,3319193.75,0.7,160.67,4.4,134467.19,0.8
113  In  [ No Gas ] :  Calibration Curve Fit R value = -0.283993 is below the allowed minimum = 0.950000,FALSE,051SMPL.d,,12/11/2021 16:14,Sample,,4104_3_10-30,,2143.51,4.9,,,146,17.1,20,50,5810552.83,0.4,193.33,20.7,84.67,25.3,26.67,57.3,24,22,16,65,2219278.75,1.5,2487863.35,0.6,106,8.2,74.67,46.1,26,23.1,93.33,37.7,24,54.6,840.7,6.8,1704776.29,1.3,173.33,24.5,139154.68,0.7
113  In  [ No Gas ] :  Calibration Curve Fit R value = -0.283993 is below the allowed minimum = 0.950000113  In  [ No Gas ] :  Concentration value = 1192.12 is over the calibration range,FALSE,052SMPL.d,,12/11/2021 16:19,Sample,,4104_3_10-60,,2043.5,1.5,,,202.67,11.4,33.33,75.5,19550036.67,0.1,395.34,10.6,106.67,21.7,40,25,32,41,16.67,55.4,9753026.67,1.2,10865353.17,0.4,402.01,6,115.33,18.2,26,20.4,113.33,24,42,45.4,3444.49,1,6790084.83,0.5,438.01,6.6,138710.39,0.5
113  In  [ No Gas ] :  Calibration Curve Fit R value = -0.283993 is below the allowed minimum = 0.950000,FALSE,053SMPL.d,,12/11/2021 16:24,Sample,,4104_3_50-10,,2258.22,2.2,,,148.67,4.3,10,173.2,2621894.42,1.3,311.34,3.5,132.67,16.5,30,57.7,38,48.2,22.67,28.4,934892.65,0.2,1046420.06,0.8,61.33,16.4,128.67,7.7,34.67,48.4,148,21.5,35.33,25.5,453.34,7.3,480768.46,0.6,159.33,22.8,133868.18,0.7
113  In  [ No Gas ] :  Calibration Curve Fit R value = -0.283993 is below the allowed minimum = 0.950000113  In  [ No Gas ] :  Concentration value = 1549.75 is over the calibration range,FALSE,054SMPL.d,,12/11/2021 16:29,Sample,,4104_3_50-30,,2126.18,3.1,,,192.67,20.6,43.33,96.1,10584597.67,0.5,512.01,7.5,147.33,20.6,30,33.3,32.67,3.5,23.33,4.9,5030515.83,1.4,5584188.87,1.3,232,12.5,156.67,29.5,40.67,12.4,136,11.7,58.67,29.8,1758.8,2.9,3159603.25,1.1,278.01,4.3,133438.98,0.1
113  In  [ No Gas ] :  Calibration Curve Fit R value = -0.283993 is below the allowed minimum = 0.950000,FALSE,055SMPL.d,,12/11/2021 16:34,Sample,,4105_1_10-30,,2032.83,1.6,,,170,21.4,16.67,34.6,6308442.33,0.6,303.34,22.1,153.33,26.5,83.33,13.9,35.33,31.2,23.33,4.9,2428658.92,0.6,2721936.63,0.3,142.67,2.9,164,25.6,35.33,22.9,172,38.5,56,19.9,981.38,8.7,1915069.12,0.3,242.67,13.4,136706.06,0.6
"113  In  [ No Gas ] :  Calibration Curve Fit R value = -0.283993 is below the allowed minimum = 0.950000113  In  [ No Gas ] :  Concentration value = 1192.12 is over the calibration range103  Rh ( ISTD )  [ No Gas ] :  CPS RSD value = 17.15 is over the allowed maximum = 5.00103  Rh ( ISTD )  [ No Gas ] :  ISTD Recovery Percent value = 75.38 is outside the allowed range [80.00, 120.00]",FALSE,056SMPL.d,,12/11/2021 16:39,Sample,,4105_1_10-60,,1899.48,4.3,,,218,9.9,33.33,121.2,19424291.33,1.7,450.68,7.7,143.33,26.7,30,88.2,26,15.4,20.67,47.7,9474110.67,2.1,10603154.01,1.5,356.68,4.1,130,6.7,40,35,126,26.4,44,20.8,3401.15,4.9,6820001.83,2.1,434.01,5.3,124065.29,17.2
113  In  [ No Gas ] :  Calibration Curve Fit R value = -0.283993 is below the allowed minimum = 0.950000,FALSE,057SMPL.d,,12/11/2021 16:44,Sample,,4105_1_50-10,,2030.83,1.9,,,129.33,5.9,13.33,43.3,3167766.5,1.1,296.01,1.2,77.33,7.5,20,100,28.67,28.2,11.33,71.3,1257980.79,0.3,1403283.89,2,72,15.5,68,40.4,20,10,76.67,18.5,27.33,23.5,452.01,12.5,609581.34,0.7,104,27.7,132060.06,0.3
"113  In  [ No Gas ] :  Calibration Curve Fit R value = -0.283993 is below the allowed minimum = 0.950000103  Rh ( ISTD )  [ No Gas ] :  ISTD Recovery Percent value = 76.95 is outside the allowed range [80.00, 120.00]",FALSE,058SMPL.d,,12/11/2021 16:49,Sample,,4105_1_50-30,,2110.84,1.4,,,179.33,15.1,10,100,11174798,0.4,478.01,6.6,146.67,30.1,50,60,30,48.1,23.33,47.2,5341601.5,0.6,5963034.29,0.5,252,10.9,139.33,38.4,45.33,13.5,154,35.4,62,22.3,1911.49,2.6,3362089,1.1,291.34,14.9,126647.87,4.4
113  In  [ No Gas ] :  Calibration Curve Fit R value = -0.283993 is below the allowed minimum = 0.950000,FALSE,059SMPL.d,,12/11/2021 16:54,Sample,,cal check 100,,2945802.17,0.5,,,6245604.5,1.2,13.33,43.3,8283817.83,1.3,7898050.83,0.9,9633910.67,1,2763476.63,0.4,1839124.71,1.1,1602851.08,1.1,5164095.17,0.4,5765895.96,0.9,1921755.71,0.6,11388994.33,0.5,2875589.08,0.5,11351679,0.8,3901250.25,0.6,11815224,0.4,2723653,2.3,12124519.33,0.4,137335.19,0.4
113  In  [ No Gas ] :  Calibration Curve Fit R value = -0.283993 is below the allowed minimum = 0.950000,FALSE,060SMPL.d,,12/11/2021 16:59,Sample,,blank,,6989.15,2.6,,,99.33,9.9,16.67,34.6,180,3.8,152.67,9.5,104.67,15.6,53.33,75.8,26,20.4,20,43.6,94,7.4,90,48.4,30.67,13.6,134.67,3.7,36,14.7,133.33,1.7,40.67,17.3,139.33,4.4,55.33,12.7,134.67,7.6,136934.55,0.6
113  In  [ No Gas ] :  Calibration Curve Fit R value = -0.283993 is below the allowed minimum = 0.950000,FALSE,061SMPL.d,,12/11/2021 17:04,Sample,,4105_2_10-30,,2615.6,2.8,,,125.33,12.8,20,50,6997100.33,0.2,220.67,3.8,66,10.9,30,33.3,16,33.1,10.67,10.8,2930756.75,0.9,3241597.76,0.6,132,6.1,52,30.5,12,16.7,62.67,9.8,15.33,27.2,1012.71,5.3,2175071.17,0.8,152.67,11.3,137450.37,0.4
113  In  [ No Gas ] :  Calibration Curve Fit R value = -0.283993 is below the allowed minimum = 0.950000,FALSE,062SMPL.d,,12/11/2021 17:09,Sample,,4105_2_10-60,,2293.54,2.6,,,216.67,8.9,23.33,24.7,20579218,0.9,448.01,1.9,148,17.7,53.33,39,26,48,21.33,14.3,10716030.67,0.2,12009704.4,1.7,382.01,2.3,132.67,36.3,32,12.5,124.67,19.9,38.67,19.6,3780.59,1.5,7245827.5,0.1,450.68,5.6,136190.13,0.3
113  In  [ No Gas ] :  Calibration Curve Fit R value = -0.283993 is below the allowed minimum = 0.950000,FALSE,063SMPL.d,,12/11/2021 17:14,Sample,,4105_2_50-10,,2224.86,0.4,,,232,3,16.67,34.6,3002667.5,0.3,446.68,4.3,187.33,10.1,113.34,22.2,43.33,27.8,36,30.9,1133468.29,1.6,1307103.03,0.9,88,12,206.67,23.6,60,37.1,220,12.6,72.67,49.3,620.69,8.7,560458.6,0.3,267.34,19.8,132025.21,0.5
113  In  [ No Gas ] :  Calibration Curve Fit R value = -0.283993 is below the allowed minimum = 0.950000,FALSE,064SMPL.d,,12/11/2021 17:19,Sample,,4105_2_50-30,,2174.19,1.7,,,108.67,20.9,13.33,43.3,10938163.33,0.7,380.01,2.6,36.67,46.4,6.67,173.2,14,42.9,5.33,57.3,5222147.5,0.5,5816146.37,1,205.33,2.2,16,69.6,4.67,24.7,18,29.4,4.67,99,1779.47,0.9,3336218.25,1.7,147.33,11.5,132427.87,0.4
113  In  [ No Gas ] :  Calibration Curve Fit R value = -0.283993 is below the allowed minimum = 0.950000113  In  [ No Gas ] :  Concentration value = 1668.97 is over the calibration range,FALSE,065SMPL.d,,12/11/2021 17:24,Sample,,4105_3_10-30,,2064.17,4.1,,,233.34,14.1,46.67,75.3,5901490.83,1,362.01,12.5,220.67,20,86.67,43.7,46.67,25.1,29.33,14.2,2364231.75,1.2,2609329.39,0.9,147.33,16.2,242.67,17.3,72.67,22.2,227.34,26.9,93.33,32.1,1008.71,7.8,1811451.08,0.8,320.68,12.5,136187.42,0.9
113  In  [ No Gas ] :  Calibration Curve Fit R value = -0.283993 is below the allowed minimum = 0.950000113  In  [ No Gas ] :  Concentration value = 1072.91 is over the calibration range,FALSE,066SMPL.d,,12/11/2021 17:29,Sample,,4105_3_10-60,,1919.48,3.7,,,327.34,17.2,30,66.7,19129250,1.1,550.02,3.5,241.34,14.6,100,30,59.33,5.1,35.33,21.4,9558599.67,0.6,10693108.59,0.4,394.68,2.8,284.01,12.5,68,25.1,257.34,7.5,92,19.3,3573.19,2.7,6686676,1.2,574.69,7,134893.32,0.3
"113  In  [ No Gas ] :  Calibration Curve Fit R value = -0.283993 is below the allowed minimum = 0.950000113  In  [ No Gas ] :  Concentration value = 1072.91 is over the calibration range103  Rh ( ISTD )  [ No Gas ] :  ISTD Recovery Percent value = 79.39 is outside the allowed range [80.00, 120.00]",FALSE,067SMPL.d,,12/11/2021 17:34,Sample,,4105_3_50-10,,2119.51,1.3,,,225.33,11.7,30,66.7,2894326.67,1.2,446.01,18.7,244.67,27.4,86.67,74.2,48,23.2,33.33,36.2,1086654.96,1.8,1249798.08,0.7,99.33,9.1,284,33.1,66.67,20.4,268.01,20.5,73.33,11,671.36,13.4,547369.33,0.6,317.34,21,130673.87,0.4
"113  In  [ No Gas ] :  Calibration Curve Fit R value = -0.283993 is below the allowed minimum = 0.950000113  In  [ No Gas ] :  Concentration value = 1072.91 is over the calibration range103  Rh ( ISTD )  [ No Gas ] :  ISTD Recovery Percent value = 79.42 is outside the allowed range [80.00, 120.00]",FALSE,068SMPL.d,,12/11/2021 17:39,Sample,,4105_3_50-30,,2135.51,4.2,,,249.34,13.8,30,88.2,10997752.33,0.7,567.35,7.7,237.34,12.9,93.33,16.4,47.33,12.2,26.67,54.3,5449100.67,0.8,6026913.66,0.7,244.67,12,245.33,4.1,51.33,4.5,253.34,21.7,89.33,13.7,2082.85,3.7,3366865.92,0.5,440.01,6.3,130715.31,0.7
113  In  [ No Gas ] :  Calibration Curve Fit R value = -0.283993 is below the allowed minimum = 0.950000,FALSE,069SMPL.d,,12/11/2021 17:44,Sample,,4106_1_10-30,,1971.49,3.1,,,228.67,13.4,20,50,5562024.17,0.8,334.68,5.8,226.67,14.3,60,16.7,44.67,33,30.67,7.5,2156254.83,0.5,2421104.55,0.9,138.67,7.1,250,19.1,62,9.7,266,9.8,76,4.6,988.71,6.1,1643142.63,0.4,320.68,10.3,134904.27,0.3
113  In  [ No Gas ] :  Calibration Curve Fit R value = -0.283993 is below the allowed minimum = 0.950000,FALSE,070SMPL.d,,12/11/2021 17:49,Sample,,4106_1_10-60,,1877.48,1.2,,,294.01,7.2,13.33,43.3,19281540.67,0.2,561.35,6.8,293.34,20.2,86.67,6.7,61.33,19.9,38.67,38.1,9732334.33,0.5,10851966.09,0.1,393.34,8.5,295.34,16.3,80,15.6,293.34,3.5,108.67,19.2,3639.22,0.2,6843144.67,0.5,620.02,7,134893.09,0.1
113  In  [ No Gas ] :  Calibration Curve Fit R value = -0.283993 is below the allowed minimum = 0.950000113  In  [ No Gas ] :  Concentration value = 1311.33 is over the calibration range,FALSE,071SMPL.d,,12/11/2021 17:54,Sample,,cal check 10 #2,,270217.07,1.5,,,616995.31,0.3,36.67,31.5,811384.39,0.2,775710.87,0.4,945043.04,0.3,263494.16,1,174489.27,0.5,151007.06,0.4,506085.16,0.4,564688.82,0.4,182913.24,0.9,1130992.92,1.7,274174.81,0.4,1115768.62,0.5,376466.98,0.2,1208371.96,1.4,260653.6,0.4,1246142.63,0.2,136286.59,0.6
113  In  [ No Gas ] :  Calibration Curve Fit R value = -0.283993 is below the allowed minimum = 0.950000,FALSE,072SMPL.d,,12/11/2021 17:59,Sample,,blank,,5118.99,1.2,,,207.33,18.2,16.67,91.7,1276.74,13.6,304.01,17.1,292.67,20.5,86.67,17.6,49.33,10.2,40.67,28.8,657.36,17.3,746.72,18.8,64,32.9,321.34,10.6,74.67,17.8,322.67,17.7,108.67,19.7,340.01,18.6,376.01,25.6,335.34,27.5,134961.16,0.3
"113  In  [ No Gas ] :  Calibration Curve Fit R value = -0.283993 is below the allowed minimum = 0.950000103  Rh ( ISTD )  [ No Gas ] :  ISTD Recovery Percent value = 79.66 is outside the allowed range [80.00, 120.00]",FALSE,073SMPL.d,,12/11/2021 18:05,Sample,,4106_1_50-10,,2396.89,0.9,,,188,17.4,20,0,2783732.25,0.3,358.01,7.8,172,22.3,76.67,39.8,31.33,19.5,28.67,59.3,1022371.25,0.1,1201002.85,0.7,83.33,16.9,194,36.7,57.33,37,188,27.8,62,34.9,570.69,7.2,529103.63,0.1,227.34,21.6,131109.49,0.8
"113  In  [ No Gas ] :  Calibration Curve Fit R value = -0.283993 is below the allowed minimum = 0.950000103  Rh ( ISTD )  [ No Gas ] :  ISTD Recovery Percent value = 79.68 is outside the allowed range [80.00, 120.00]",FALSE,074SMPL.d,,12/11/2021 18:10,Sample,,4106_1_50-30,,2247.53,2.4,,,232.67,8,16.67,69.3,10840856.67,0.8,507.34,2.2,214,3.2,76.67,54.3,44.67,31.4,32,22.5,5364409.33,0.5,5930979.49,1.3,251.34,12.9,211.33,14.7,67.33,20.9,252.67,14.9,64,36,2069.52,5,3320215.25,0.2,384.01,13.6,131139.11,0.6
113  In  [ No Gas ] :  Calibration Curve Fit R value = -0.283993 is below the allowed minimum = 0.950000113  In  [ No Gas ] :  Concentration value = 1549.75 is over the calibration range,FALSE,075SMPL.d,,12/11/2021 18:15,Sample,,4106_2_10-30,,2062.84,3.5,,,224,2.7,43.33,13.3,6141705,0.4,297.34,22.6,234,11.2,83.34,59.2,36.67,25.8,31.33,42.5,2451532.42,0.1,2748270.9,1.1,164.67,14.8,239.34,18.5,62.67,25.8,212,22.2,100,18.3,1044.05,9.5,1839858.75,1.5,332.01,19,134879.03,0.5
113  In  [ No Gas ] :  Calibration Curve Fit R value = -0.283993 is below the allowed minimum = 0.950000113  In  [ No Gas ] :  Concentration value = 1311.33 is over the calibration range,FALSE,076SMPL.d,,12/11/2021 18:20,Sample,,4106_2_10-60,,2002.83,1.7,,,312.01,14.8,36.67,15.7,19445036,1.3,582.02,3.8,240,5.2,63.33,9.1,55.33,21.2,30.67,22.9,9846609,0.2,11044224.42,0.2,413.34,6.7,285.34,2.3,56,30.5,245.33,3.9,96.67,18.7,3619.21,1.9,6859427,0.4,516.68,2.5,132765.22,0.4
"113  In  [ No Gas ] :  Calibration Curve Fit R value = -0.283993 is below the allowed minimum = 0.950000113  In  [ No Gas ] :  Concentration value = 1311.33 is over the calibration range103  Rh ( ISTD )  [ No Gas ] :  ISTD Recovery Percent value = 78.29 is outside the allowed range [80.00, 120.00]",FALSE,077SMPL.d,,12/11/2021 18:25,Sample,,4106_2_50-10,,1980.16,3.2,,,202.67,1.1,36.67,15.7,2800716.25,0.7,380.01,16.9,193.33,13.1,90.01,55.6,54.67,54.8,36.67,13.7,1046690.04,0.1,1219691.78,0.3,101.33,14,250,18.4,58.67,22.7,235.34,15.6,101.33,30.7,628.69,11.9,540005.77,0.7,268.67,15.6,128861.45,0.5
"113  In  [ No Gas ] :  Calibration Curve Fit R value = -0.283993 is below the allowed minimum = 0.950000113  In  [ No Gas ] :  Concentration value = 1192.12 is over the calibration range103  Rh ( ISTD )  [ No Gas ] :  ISTD Recovery Percent value = 79.37 is outside the allowed range [80.00, 120.00]",FALSE,078SMPL.d,,12/11/2021 18:30,Sample,,4106_2_50-30,,2082.18,2.1,,,230.67,10,33.33,45.8,10831058.67,0.5,564.68,10.2,215.34,39,66.67,8.7,39.33,39.5,28.67,8.1,5314030.5,1,5852999.08,0.7,232,9.1,261.34,25.7,68.67,28.7,234,27.6,95.33,27.7,2010.18,2.9,3319827.17,1.4,375.34,21.2,130637.12,0.6
113  In  [ No Gas ] :  Calibration Curve Fit R value = -0.283993 is below the allowed minimum = 0.950000,FALSE,079SMPL.d,,12/11/2021 18:35,Sample,,4106_3_10-30,,1952.82,5.4,,,213.34,16.9,26.67,57.3,6842129.33,0.7,346.68,9.8,216,26.7,73.34,79.9,36.67,32,32,16.5,2829402.17,1.4,3143251.21,0.8,164,2.1,228,11,52.67,19.5,222,12.2,72.67,13.6,1174.06,0.6,2036340.55,1.1,346.68,15.1,135156.65,0.5
113  In  [ No Gas ] :  Calibration Curve Fit R value = -0.283993 is below the allowed minimum = 0.950000,FALSE,080SMPL.d,,12/11/2021 18:40,Sample,,4106_3_10-60,,1852.81,2.4,,,274.67,12.8,23.33,24.7,19835747.33,0.9,553.35,14,228,23.9,80,54.5,47.33,32.8,36,14.7,10250125.67,0.5,11390591.91,0.5,414.01,7.6,232,23.3,60,40.6,228,19.9,94.67,20.7,3697.23,2.2,6970409.33,1.2,559.35,11.3,133897.16,0.5
"113  In  [ No Gas ] :  Calibration Curve Fit R value = -0.283993 is below the allowed minimum = 0.950000103  Rh ( ISTD )  [ No Gas ] :  ISTD Recovery Percent value = 78.42 is outside the allowed range [80.00, 120.00]",FALSE,081SMPL.d,,12/11/2021 18:45,Sample,,4106_3_50-10,,2022.84,4.2,,,274.01,18.2,6.67,86.6,3068222.42,0.2,492.68,13.5,352.01,9.7,70,24.7,56,34.1,54,24.3,1203602.25,1.2,1343103.73,0.4,114.67,16.6,368.01,24.3,82.67,10.1,364.68,17.1,130.67,13.8,796.7,9.8,574574.73,0.4,422.01,20.2,129065.94,0.8
"113  In  [ No Gas ] :  Calibration Curve Fit R value = -0.283993 is below the allowed minimum = 0.950000113  In  [ No Gas ] :  Concentration value = 1668.97 is over the calibration range103  Rh ( ISTD )  [ No Gas ] :  ISTD Recovery Percent value = 78.89 is outside the allowed range [80.00, 120.00]",FALSE,082SMPL.d,,12/11/2021 18:50,Sample,,4106_3_50-30,,2072.17,2.2,,,328.01,12.2,46.67,32.7,11412855.67,1.4,623.35,10.1,337.34,32.5,73.33,15.7,66,32.8,46.67,8.9,5625587.5,0.7,6275445.53,1.3,282.01,3.3,350.68,23.1,93.33,16.6,326.68,17.9,130.67,21.4,2289.55,4.1,3468231.5,1.4,535.35,8.7,129838.49,1
113  In  [ No Gas ] :  Calibration Curve Fit R value = -0.283993 is below the allowed minimum = 0.950000,FALSE,083SMPL.d,,12/11/2021 18:55,Sample,,cal check 25 #2,,691826.63,0.4,,,1580162.46,0.2,10,173.2,2097349.04,0.3,1989245.83,0.7,2452197.67,0.3,656938.49,0.3,433281.81,0,378138.03,0.3,1305549.17,0.8,1457108.57,1,453650.96,0.6,2886420.92,0.8,686289.11,0.3,2885019.17,0.6,936575.81,0.7,2989990.08,0.4,649945.06,0.3,3061175.33,0.7,135265.37,0.2
113  In  [ No Gas ] :  Calibration Curve Fit R value = -0.283993 is below the allowed minimum = 0.950000,FALSE,084SMPL.d,,12/11/2021 19:00,Sample,,blank,,5733.9,1.1,,,252,4.8,20,86.6,1685.46,16.8,378.01,10.3,340.68,13.2,100,36.1,65.33,27.4,52.67,29,778.03,13,903.4,17.2,64,21.7,386.01,15.6,102.67,20,374.68,7.3,130,17.5,402.68,19.1,503.35,13.7,402.01,12.6,134979.36,0.6
113  In  [ No Gas ] :  Calibration Curve Fit R value = -0.283993 is below the allowed minimum = 0.950000,FALSE,085SMPL.d,,12/11/2021 19:05,Sample,,check3_10-30,,2366.22,3.7,,,337.34,32.2,20,86.6,14249660.67,0.8,582.68,11.5,340.01,22.6,113.34,45.3,87.33,26.3,55.33,10.4,9910137.33,1,11048142.75,0.7,319.34,3.8,395.34,33.8,84,50.7,406.01,39.9,132,29.5,3836.6,4.7,6008432.33,0.8,674.69,13.6,133949.6,0.4
113  In  [ No Gas ] :  Calibration Curve Fit R value = -0.283993 is below the allowed minimum = 0.950000,FALSE,086SMPL.d,,12/11/2021 19:10,Sample,,check3_10-60,,1965.49,5.3,,,364.68,4.4,13.33,43.3,27953293.33,0.6,652.69,6.9,289.34,17.1,103.33,11.2,57.33,16.5,36,36.4,19581786,0.3,22068913.01,1.2,568.02,5.7,316.01,15.2,84,8.6,324.68,10.5,110.67,27.4,6914.59,2.3,11928207.67,1,850.7,7.8,132708,0.7
"113  In  [ No Gas ] :  Calibration Curve Fit R value = -0.283993 is below the allowed minimum = 0.950000103  Rh ( ISTD )  [ No Gas ] :  ISTD Recovery Percent value = 78.16 is outside the allowed range [80.00, 120.00]",FALSE,087SMPL.d,,12/11/2021 19:15,Sample,,check3_50-10,,2084.84,1.1,,,252.67,13.9,6.67,86.6,4694252.67,0.4,489.35,15.6,284.01,26.8,53.33,10.8,62.67,13.3,48.67,38.8,3330365.33,0.4,3682866.19,0.5,170,22,315.34,24.4,79.33,10.2,294.67,29.4,111.33,9,1390.76,6.8,2052897.13,1.3,417.35,20.1,128647.26,0.4
"113  In  [ No Gas ] :  Calibration Curve Fit R value = -0.283993 is below the allowed minimum = 0.950000113  In  [ No Gas ] :  Concentration value = 1072.91 is over the calibration range103  Rh ( ISTD )  [ No Gas ] :  ISTD Recovery Percent value = 78.26 is outside the allowed range [80.00, 120.00]",FALSE,088SMPL.d,,12/11/2021 19:20,Sample,,check3_50-30,,2044.84,2.8,,,262.01,17.5,30,0,13914505.33,0.9,568.02,16.8,268,33.5,60,28.9,51.33,49.3,30,34.6,9736643,0.2,10794049.42,0.6,298.01,4.4,279.34,36.7,84.67,21.8,333.34,31.5,104.67,11.5,3571.19,3.4,5913521.5,0.5,558.02,18.8,128804.53,0.6
113  In  [ No Gas ] :  Calibration Curve Fit R value = -0.283993 is below the allowed minimum = 0.950000113  In  [ No Gas ] :  Concentration value = 1788.18 is over the calibration range,FALSE,089SMPL.d,,12/11/2021 19:25,Sample,,3192_1_10-30,,1997.49,3.6,,,464.01,13.1,50,40,3326019.75,0.7,357.34,13.2,255.34,20.6,116.67,52.4,66,24.1,34.67,38.4,1035308.75,0.3,1195842.59,0.7,126.67,8.7,276.01,19,86.67,38.4,274.67,19.7,100.67,16.1,632.02,14.6,870756.27,0.6,376.01,18.7,132021.35,0.1
"113  In  [ No Gas ] :  Calibration Curve Fit R value = -0.283993 is below the allowed minimum = 0.950000103  Rh ( ISTD )  [ No Gas ] :  ISTD Recovery Percent value = 79.55 is outside the allowed range [80.00, 120.00]",FALSE,090SMPL.d,,12/11/2021 19:30,Sample,,3192_1_10-60,,1898.81,1.9,,,312.68,10.9,26.67,78.1,15952187.67,0.5,295.34,9.2,54.67,34,30,88.2,20,17.3,10,40,7299932.33,1.6,8156764.67,1,310.68,3.2,18,40.1,8.67,13.3,9.33,24.7,12.67,59.8,2416.91,3.2,5443219.5,0.4,250,6.2,130932.17,0.3
"113  In  [ No Gas ] :  Calibration Curve Fit R value = -0.283993 is below the allowed minimum = 0.950000103  Rh ( ISTD )  [ No Gas ] :  ISTD Recovery Percent value = 76.92 is outside the allowed range [80.00, 120.00]",FALSE,091SMPL.d,,12/11/2021 19:35,Sample,,3192_1_50-10,,2004.83,0.5,,,146.67,19.8,20,86.6,2651296.75,0.4,190.67,8.8,27.33,30.5,36.67,41.7,20,26.5,5.33,21.7,943023.29,0.7,1069506.91,2.4,56.67,2,6.67,105.4,11.33,53.9,3.33,34.6,6.67,34.6,321.34,4.7,450698.82,0.4,24.67,18.7,126607.51,0.5
"113  In  [ No Gas ] :  Calibration Curve Fit R value = -0.283993 is below the allowed minimum = 0.950000103  Rh ( ISTD )  [ No Gas ] :  ISTD Recovery Percent value = 77.25 is outside the allowed range [80.00, 120.00]",FALSE,092SMPL.d,,12/11/2021 19:40,Sample,,3192_1_50-30,,1996.16,2.9,,,359.34,3.2,20,50,9044807.33,0.9,344.01,0,35.33,19.9,46.67,24.7,26.67,8.7,7.33,41.7,4255016.17,1,4729404.09,1.1,169.33,3.8,14,49.5,11.33,40.8,14,65.5,8,43.3,1468.76,1.4,2791100.67,0.5,141.33,7.8,127138.46,0.3
"113  In  [ No Gas ] :  Calibration Curve Fit R value = -0.283993 is below the allowed minimum = 0.950000103  Rh ( ISTD )  [ No Gas ] :  ISTD Recovery Percent value = 79.87 is outside the allowed range [80.00, 120.00]",FALSE,093SMPL.d,,12/11/2021 19:45,Sample,,3192_2_10-30,,1927.48,0.7,,,191.33,18,6.67,173.2,4238274,0.5,129.33,4.5,32.67,25.5,23.33,89.2,12.67,24.1,4.67,49.5,1456185.13,1,1639271.85,1.1,83.33,16,6.67,45.8,12,33.3,7.33,56.8,7.33,15.7,513.35,3.6,1135890.34,1,59.33,22.4,131463.27,1.1
"113  In  [ No Gas ] :  Calibration Curve Fit R value = -0.283993 is below the allowed minimum = 0.950000113  In  [ No Gas ] :  Concentration value = 1311.33 is over the calibration range103  Rh ( ISTD )  [ No Gas ] :  ISTD Recovery Percent value = 79.46 is outside the allowed range [80.00, 120.00]",FALSE,094SMPL.d,,12/11/2021 19:50,Sample,,3192_2_10-60,,1843.47,2.7,,,269.34,12.3,36.67,56.8,17493192,0.6,316.01,9.9,40,47.7,16.67,124.9,18,0,8,0,8190681.5,0.9,9082962.78,0.5,322.68,5.2,9.33,24.7,10.67,10.8,14.67,31.5,16,65,2769.65,5,6023208.33,0.6,254.67,2.8,130780.83,0.6
113  In  [ No Gas ] :  Calibration Curve Fit R value = -0.283993 is below the allowed minimum = 0.950000,FALSE,095SMPL.d,,12/11/2021 19:56,Sample,,cal check 50 #2,,1415612.46,2.5,,,3069685,0.7,6.67,86.6,4042797.08,0.8,3932003.5,0.2,4689353.5,1.1,1348461.64,0.7,854282.69,0.5,744450.13,0.1,2561191.17,0.7,2874732.35,1.6,900016.27,0.4,5555781.33,0.5,1417989.17,0.4,5549512.33,0.4,1923581.71,0.7,5811644.17,0.5,1332926.96,0.9,5878389.67,0.8,132463.48,0.5
"113  In  [ No Gas ] :  Calibration Curve Fit R value = -0.283993 is below the allowed minimum = 0.950000103  Rh ( ISTD )  [ No Gas ] :  ISTD Recovery Percent value = 79.32 is outside the allowed range [80.00, 120.00]",FALSE,096SMPL.d,,12/11/2021 20:00,Sample,,blank,,6121.4,0.5,,,85.33,9.8,16.67,69.3,182.67,2.5,132.67,16.6,82.67,24.8,23.33,24.7,16.67,18.3,14.67,20.8,96.67,5.2,113.34,18.4,22.67,31,96.67,23.1,22.67,33.4,92,9.5,32.67,49.5,102.67,6,63.33,4.8,96.67,19.1,130555.04,0.2
"113  In  [ No Gas ] :  Calibration Curve Fit R value = -0.283993 is below the allowed minimum = 0.950000103  Rh ( ISTD )  [ No Gas ] :  ISTD Recovery Percent value = 77.15 is outside the allowed range [80.00, 120.00]",FALSE,097SMPL.d,,12/11/2021 20:06,Sample,,3192_2_50-10,,2616.27,1.9,,,141.33,7.1,20,50,2685307.08,0.5,226.67,3.6,48.67,12.6,33.33,45.8,16,33.1,4,86.6,917434.75,0.1,1029512.85,0.2,53.33,26.3,25.33,16.4,19.33,6,33.33,3.5,23.33,21.6,354.68,2.8,438573.99,0.1,56,12.4,126979.15,0.9
"113  In  [ No Gas ] :  Calibration Curve Fit R value = -0.283993 is below the allowed minimum = 0.950000103  Rh ( ISTD )  [ No Gas ] :  ISTD Recovery Percent value = 77.43 is outside the allowed range [80.00, 120.00]",FALSE,098SMPL.d,,12/11/2021 20:11,Sample,,3192_2_50-30,,2237.54,5.5,,,223.33,9.9,23.33,89.2,9890790.67,0.5,375.34,11.4,44,19.8,20,50,26,15.4,7.33,56.8,4811488.83,0.9,5294276.17,0.6,195.33,7,26.67,22.9,18.67,43.3,24,28.9,14,0,1646.12,4.7,3010810.75,0.6,154,18,127439.94,0.7
"113  In  [ No Gas ] :  Calibration Curve Fit R value = -0.283993 is below the allowed minimum = 0.950000103  Rh ( ISTD )  [ No Gas ] :  ISTD Recovery Percent value = 79.43 is outside the allowed range [80.00, 120.00]",FALSE,099SMPL.d,,12/11/2021 20:16,Sample,,3192_3_10-30,,2063.51,1.7,,,101.33,7.5,26.67,57.3,4355045.83,0.7,136.67,13.2,37.33,18.8,20,0,12,0,3.33,91.7,1523428.17,1.2,1711272.73,0.8,80,24.6,9.33,12.4,6,57.7,12.67,63.8,10.67,39,536.02,4.3,1265996.54,0.5,67.33,6.9,130734.02,0.2
"113  In  [ No Gas ] :  Calibration Curve Fit R value = -0.283993 is below the allowed minimum = 0.950000113  In  [ No Gas ] :  Concentration value = 1072.91 is over the calibration range103  Rh ( ISTD )  [ No Gas ] :  ISTD Recovery Percent value = 78.77 is outside the allowed range [80.00, 120.00]",FALSE,100SMPL.d,,12/11/2021 20:21,Sample,,3192_3_10-60,,2005.49,5.2,,,219.33,2.8,30,88.2,17126522.67,0.6,285.34,7,34.67,40.5,13.33,114.6,21.33,35.5,5.33,21.7,7969259,1.4,8883719.66,1.1,315.34,11.3,9.33,81.1,12,16.7,12.67,18.2,7.33,31.5,2819,3.1,5957141.67,0.2,284.01,8,129644.8,0.7
"113  In  [ No Gas ] :  Calibration Curve Fit R value = -0.283993 is below the allowed minimum = 0.950000113  In  [ No Gas ] :  Concentration value = 1192.12 is over the calibration range103  Rh ( ISTD )  [ No Gas ] :  ISTD Recovery Percent value = 76.05 is outside the allowed range [80.00, 120.00]",FALSE,101SMPL.d,,12/11/2021 20:26,Sample,,3192_3_50-10,,2028.16,1.1,,,131.33,5.3,33.33,45.8,2716862.33,1.6,184,5,24.67,70.8,16.67,34.6,8.67,81,2.67,86.6,963672.44,0.4,1090995.85,0.9,45.33,28.7,8,25,7.33,68.6,9.33,32.7,7.33,15.7,332.68,8,466419.44,0.6,26,42.8,125165.5,1
"113  In  [ No Gas ] :  Calibration Curve Fit R value = -0.283993 is below the allowed minimum = 0.950000103  Rh ( ISTD )  [ No Gas ] :  ISTD Recovery Percent value = 76.71 is outside the allowed range [80.00, 120.00]",FALSE,102SMPL.d,,12/11/2021 20:31,Sample,,3192_3_50-30,,2043.5,3.2,,,121.33,12.5,20,86.6,10112372,0.1,334.01,2.1,22,24.1,20,50,12,0,5.33,78.1,4877494.5,0.6,5435328.04,0.1,196,14.1,4.67,65.5,8,90.1,5.33,43.3,11.33,53.9,1610.12,5.2,3034039.08,0.4,130.67,6.2,126261.64,0.4
"113  In  [ No Gas ] :  Calibration Curve Fit R value = -0.283993 is below the allowed minimum = 0.950000103  Rh ( ISTD )  [ No Gas ] :  ISTD Recovery Percent value = 78.92 is outside the allowed range [80.00, 120.00]",FALSE,103SMPL.d,,12/11/2021 20:36,Sample,,4112_1_10-30,,4997.6,2.3,,,12402.48,0.6,16.67,91.7,4205902.17,0.1,14000.3,0.2,17268.26,1.7,4881.11,2.1,3259.77,3.4,2875.01,1.2,1468035.5,0.7,1635883.36,1.1,3449.82,1.3,21181.54,0.6,5217.76,0.3,21713.19,0.2,7554.28,2.4,23742.82,1.1,1095610.21,0.2,24649.32,0.5,129899.83,0.4
"113  In  [ No Gas ] :  Calibration Curve Fit R value = -0.283993 is below the allowed minimum = 0.950000113  In  [ No Gas ] :  Concentration value = 1430.54 is over the calibration range103  Rh ( ISTD )  [ No Gas ] :  ISTD Recovery Percent value = 78.70 is outside the allowed range [80.00, 120.00]",FALSE,104SMPL.d,,12/11/2021 20:41,Sample,,4112_1_10-60,,3820.56,2,,,7388.09,0.4,40,0,18050996.67,0.3,9338.08,0.6,10892.65,0.6,3140.51,3.2,1994.17,2,1770.14,5.5,8684836.67,0.6,9782594.44,0.8,2426.92,4.2,12845.17,2,3247.1,1,13044.73,1.7,4580.19,2.5,16761.78,0.3,6126839.67,0.7,14521.05,0.4,129535.33,0.5
"113  In  [ No Gas ] :  Calibration Curve Fit R value = -0.283993 is below the allowed minimum = 0.950000103  Rh ( ISTD )  [ No Gas ] :  ISTD Recovery Percent value = 75.85 is outside the allowed range [80.00, 120.00]",FALSE,105SMPL.d,,12/11/2021 20:46,Sample,,4112_1_50-10,,2147.52,2.2,,,112.67,8.8,23.33,65.5,3047590.42,0.2,240.67,2.4,36,44.1,3.33,173.2,18.67,34.4,8.67,66.6,1203220.21,0.6,1354909.04,0.7,55.33,36.4,6.67,75.5,6.67,34.6,6.67,34.6,10,20,398.68,10.7,566010.35,0.3,34.67,3.3,124837.74,0.7
"113  In  [ No Gas ] :  Calibration Curve Fit R value = -0.283993 is below the allowed minimum = 0.950000103  Rh ( ISTD )  [ No Gas ] :  ISTD Recovery Percent value = 75.71 is outside the allowed range [80.00, 120.00]",FALSE,106SMPL.d,,12/11/2021 20:51,Sample,,4112_1_50-30,,1986.83,1.7,,,152.67,5.3,20,100,10266823.33,0.3,383.34,8.3,35.33,48.8,10,100,21.33,48.1,2.67,43.3,5232814,0.9,5849421.58,0.7,201.33,11.4,14,79.5,4.67,24.7,10,0,4.67,49.5,1705.46,3.4,3284722.17,1,134.67,17.3,124605.18,0.5
"113  In  [ No Gas ] :  Calibration Curve Fit R value = -0.283993 is below the allowed minimum = 0.950000103  Rh ( ISTD )  [ No Gas ] :  ISTD Recovery Percent value = 78.81 is outside the allowed range [80.00, 120.00]",FALSE,107SMPL.d,,12/11/2021 20:56,Sample,,cal check 100 #2,,2799483.08,0.2,,,5973543.33,0.9,10,0,7806788.17,0.5,7506731.5,1,9189788.67,0.8,2638330.27,1.5,1763312.67,1.1,1523283.46,0.7,4964899.5,0.6,5591723.25,1.7,1865359.33,1.4,10914289,0.7,2782454.83,0.7,10849419,0.6,3762556.58,0.5,11364871.67,0.8,2644945,1,11638512.67,0.2,129716.16,0.6
"113  In  [ No Gas ] :  Calibration Curve Fit R value = -0.283993 is below the allowed minimum = 0.950000103  Rh ( ISTD )  [ No Gas ] :  ISTD Recovery Percent value = 78.17 is outside the allowed range [80.00, 120.00]",FALSE,108SMPL.d,,12/11/2021 21:01,Sample,,blank,,6581.61,3.2,,,146.67,0.8,10,100,428.68,17.9,197.33,14,186.67,15.7,43.33,13.3,36,16.7,28,39.8,218.67,12.1,280.02,6.2,33.33,21.1,202.67,6.7,44.67,27.4,221.33,16.4,60.67,15.6,192.67,14.2,137.33,10.9,217.33,6.5,128654.56,0.3
"113  In  [ No Gas ] :  Calibration Curve Fit R value = -0.283993 is below the allowed minimum = 0.950000103  Rh ( ISTD )  [ No Gas ] :  ISTD Recovery Percent value = 77.81 is outside the allowed range [80.00, 120.00]",FALSE,109SMPL.d,,12/11/2021 21:06,Sample,,4112_2_10-30,,2598.93,8.3,,,174,18.5,23.33,49.5,4746715.67,0.5,229.34,21.8,150,18.7,36.67,41.7,20,10,21.33,19.5,1647981.42,0.6,1845050.23,0.7,111.33,21.6,142,23.7,34,10.2,143.33,15.4,43.33,14.8,675.36,7.4,1366408.25,0.3,191.33,7.7,128061.87,0.4
"113  In  [ No Gas ] :  Calibration Curve Fit R value = -0.283993 is below the allowed minimum = 0.950000113  In  [ No Gas ] :  Concentration value = 1192.12 is over the calibration range103  Rh ( ISTD )  [ No Gas ] :  ISTD Recovery Percent value = 77.43 is outside the allowed range [80.00, 120.00]",FALSE,110SMPL.d,,12/11/2021 21:11,Sample,,4112_2_10-60,,2209.53,2.7,,,260,14,33.33,62.4,17110790,0.3,364.68,7.8,159.33,32.7,43.33,13.3,22,9.1,17.33,35.3,7972087.33,0.3,8953231.74,0.5,315.34,8.3,136.67,16.8,38.67,7.9,132,35.5,56,21.7,2933.02,0.8,5986585.17,0.6,428.68,14.3,127444.87,1
"113  In  [ No Gas ] :  Calibration Curve Fit R value = -0.283993 is below the allowed minimum = 0.950000103  Rh ( ISTD )  [ No Gas ] :  ISTD Recovery Percent value = 75.16 is outside the allowed range [80.00, 120.00]",FALSE,111SMPL.d,,12/11/2021 21:16,Sample,,4112_2_50-10,,2096.84,4.4,,,153.33,18.3,20,132.3,3059446.83,0.7,311.34,6.1,133.33,13.5,43.33,48,39.33,28.9,19.33,31.6,1219069.58,0.7,1346969.77,0.8,84,8.6,108,28.9,26.67,51.1,106.67,12.8,44.67,22.5,472.68,3.2,572488.56,0.4,138,10.5,123698.4,0.2
"113  In  [ No Gas ] :  Calibration Curve Fit R value = -0.283993 is below the allowed minimum = 0.950000103  Rh ( ISTD )  [ No Gas ] :  ISTD Recovery Percent value = 75.76 is outside the allowed range [80.00, 120.00]",FALSE,112SMPL.d,,12/11/2021 21:21,Sample,,4112_2_50-30,,2075.51,3.7,,,126.67,13.4,6.67,173.2,11370513.67,0.6,364.01,11.9,38,32.9,16.67,91.7,16,21.7,1.33,173.2,5943864.5,0.8,6651471.78,1.1,219.33,6.4,12.67,59.8,4,50,11.33,36.7,6.67,45.8,1989.5,4.1,3641182.5,1.2,155.33,15.4,124689.16,0.2
"113  In  [ No Gas ] :  Calibration Curve Fit R value = -0.283993 is below the allowed minimum = 0.950000103  Rh ( ISTD )  [ No Gas ] :  ISTD Recovery Percent value = 77.96 is outside the allowed range [80.00, 120.00]",FALSE,113SMPL.d,,12/11/2021 21:26,Sample,,4112_3_10-30,,1916.15,3,,,330.01,3.7,23.33,24.7,4322398.33,0.8,212.67,7.1,115.33,18.5,30,33.3,43.33,21.8,15.33,30.1,1504241.87,0.2,1680012.95,1.2,110,14.4,98.67,27.5,30.67,49.8,92,25.1,40,21.8,592.69,4.3,1162772.79,2.3,152.67,23.1,128312.76,0.9
"113  In  [ No Gas ] :  Calibration Curve Fit R value = -0.283993 is below the allowed minimum = 0.950000113  In  [ No Gas ] :  Concentration value = 1072.91 is over the calibration range103  Rh ( ISTD )  [ No Gas ] :  ISTD Recovery Percent value = 77.82 is outside the allowed range [80.00, 120.00]",FALSE,114SMPL.d,,12/11/2021 21:31,Sample,,4112_3_10-60,,1885.47,4.8,,,193.33,8.4,30,33.3,17632576,0.3,356.01,8.7,124,7,26.67,57.3,28.67,40.3,20.67,34,8522617.67,1.2,9496539.86,1,352.01,6.6,121.33,11.7,29.33,14.2,103.33,20.9,40.67,15.8,2971.7,2.8,6056036,0.4,338.01,14.6,128078.46,0.7
"113  In  [ No Gas ] :  Calibration Curve Fit R value = -0.283993 is below the allowed minimum = 0.950000103  Rh ( ISTD )  [ No Gas ] :  ISTD Recovery Percent value = 75.12 is outside the allowed range [80.00, 120.00]",FALSE,115SMPL.d,,12/11/2021 21:36,Sample,,4112_3_50-10,,2037.5,4.6,,,184,13.6,16.67,124.9,3241476.58,0.2,303.34,11.6,119.33,21,43.33,35.3,24.67,37.4,27.33,16.9,1345305.71,0.6,1478601.23,2,92,4.3,124,25.6,39.33,2.9,110.67,22.5,36,5.6,584.02,4.2,624734.4,0.6,157.33,3.7,123636.56,1
"113  In  [ No Gas ] :  Calibration Curve Fit R value = -0.283993 is below the allowed minimum = 0.950000103  Rh ( ISTD )  [ No Gas ] :  ISTD Recovery Percent value = 76.00 is outside the allowed range [80.00, 120.00]",FALSE,116SMPL.d,,12/11/2021 21:41,Sample,,4112_3_50-30,,2014.16,0.2,,,150,16.7,16.67,91.7,11595409.33,0.4,427.34,9.2,38.67,14.9,23.33,65.5,14,79.5,8,43.3,6257137.17,0.9,6944319.07,1.1,228,14.1,12.67,32.9,8,25,18.67,22.3,9.33,44.6,2164.87,2.2,3723588.75,0.8,170.67,15.9,125080.44,0.5
"113  In  [ No Gas ] :  Calibration Curve Fit R value = -0.283993 is below the allowed minimum = 0.950000103  Rh ( ISTD )  [ No Gas ] :  ISTD Recovery Percent value = 78.09 is outside the allowed range [80.00, 120.00]",FALSE,117SMPL.d,,12/11/2021 21:47,Sample,,3695_1_10-30,,1953.49,2.5,,,300.01,11.4,26.67,57.3,5792206,0.7,254.67,7.8,138.67,22.4,73.34,7.9,42,45.4,20,10,2212635.5,1.7,2476663.56,0.9,136,7.6,121.33,11.7,36.67,44.1,123.33,15.6,50,6.9,833.37,6.3,1726908.13,0.8,206,7.9,128530.69,0.9
"113  In  [ No Gas ] :  Calibration Curve Fit R value = -0.283993 is below the allowed minimum = 0.950000103  Rh ( ISTD )  [ No Gas ] :  ISTD Recovery Percent value = 77.49 is outside the allowed range [80.00, 120.00]",FALSE,118SMPL.d,,12/11/2021 21:52,Sample,,3695_1_10-60,,1785.47,3.1,,,254.67,23.7,13.33,43.3,18101101.33,0.9,421.34,7.1,164,29.6,60,44.1,42,17.2,26.67,24.1,8804351,0.6,9851056.94,0.5,395.34,9.9,175.33,27.8,49.33,34,151.33,29.7,66,52.6,3163.09,2.5,6424196.17,0.9,460.01,12.9,127533.66,0.9
"113  In  [ No Gas ] :  Calibration Curve Fit R value = -0.283993 is below the allowed minimum = 0.950000103  Rh ( ISTD )  [ No Gas ] :  ISTD Recovery Percent value = 78.55 is outside the allowed range [80.00, 120.00]",FALSE,119SMPL.d,,12/11/2021 21:57,Sample,,cal check 10 #3,,255723.93,1.3,,,589434.1,0.5,3.33,173.2,779342.16,0.2,743959.83,0.1,907979.96,0.2,253337.99,1.1,167689.48,0.4,145655.03,0.5,486971.59,0.3,546895.66,0.3,174967.29,0.2,1079012.04,0.2,264433.86,0.5,1074168.66,0.3,362508.08,0.6,1124516.46,0.2,250114.98,0.7,1150705.37,0.3,129284.53,0.2
"113  In  [ No Gas ] :  Calibration Curve Fit R value = -0.283993 is below the allowed minimum = 0.950000103  Rh ( ISTD )  [ No Gas ] :  ISTD Recovery Percent value = 77.27 is outside the allowed range [80.00, 120.00]",FALSE,120SMPL.d,,12/11/2021 22:02,Sample,,blank,,4586.13,2.3,,,104.67,29.3,6.67,86.6,583.35,39,145.33,2.1,86,14.1,40,86.6,15.33,15.1,17.33,52,270,42.9,313.35,33.5,16,57.3,117.33,26.5,29.33,37.6,102,16,22,72.7,120.67,24.2,202,30,115.33,31.5,127174.9,0.2
"113  In  [ No Gas ] :  Calibration Curve Fit R value = -0.283993 is below the allowed minimum = 0.950000103  Rh ( ISTD )  [ No Gas ] :  ISTD Recovery Percent value = 74.60 is outside the allowed range [80.00, 120.00]",FALSE,121SMPL.d,,12/11/2021 22:07,Sample,,3695_1_50-10,,2374.89,3.3,,,206.67,13.2,26.67,57.3,2757601.42,1.5,374.68,3.1,183.33,6.6,110,27.3,40,17.3,28.67,21.3,1007185.69,0.3,1181368.68,1,90,16.8,188.67,14.4,53.33,9.4,175.33,8,80.67,14.1,527.35,8,500047.77,0.3,228.67,1,122790.79,0.8
"113  In  [ No Gas ] :  Calibration Curve Fit R value = -0.283993 is below the allowed minimum = 0.950000103  Rh ( ISTD )  [ No Gas ] :  ISTD Recovery Percent value = 74.81 is outside the allowed range [80.00, 120.00]",FALSE,122SMPL.d,,12/11/2021 22:12,Sample,,3695_1_50-30,,2103.51,1.3,,,160.67,6.1,23.33,65.5,10014880.33,1,411.34,7.3,112,7.1,33.33,75.5,32.67,3.5,18.67,6.2,5067229.5,1,5761005.12,1.8,242,7.9,99.33,29.7,34.67,20.3,102,27.5,35.33,34.6,1864.82,2.4,3170138.75,1.6,265.34,19.7,123134.59,0.9
"113  In  [ No Gas ] :  Calibration Curve Fit R value = -0.283993 is below the allowed minimum = 0.950000103  Rh ( ISTD )  [ No Gas ] :  ISTD Recovery Percent value = 76.88 is outside the allowed range [80.00, 120.00]",FALSE,123SMPL.d,,12/11/2021 22:17,Sample,,3695_2_10-30,,1922.15,5.2,,,170,16.5,16.67,34.6,5828814.5,0.8,256,20.7,122,2.8,43.33,74.2,23.33,47.2,14.67,41.7,2228827.33,1.7,2486346.58,0.7,128.67,6.3,144,13.2,32,48.8,133.33,39.2,48.67,24.1,900.7,6.3,1772651.79,0.8,226,13.8,126537.62,0.7
"113  In  [ No Gas ] :  Calibration Curve Fit R value = -0.283993 is below the allowed minimum = 0.950000103  Rh ( ISTD )  [ No Gas ] :  ISTD Recovery Percent value = 77.91 is outside the allowed range [80.00, 120.00]",FALSE,124SMPL.d,,12/11/2021 22:22,Sample,,3695_2_10-60,,1890.15,3.3,,,206.67,11.6,16.67,91.7,18105826,2,351.34,7.6,100.67,27.1,30,57.7,24,33.3,14.67,31.5,8766985,0.7,9778511.52,0.2,355.34,5.2,102.67,16.6,29.33,37.6,106.67,15.3,34.67,16.7,3017.72,1.3,6474259.67,1.2,374.01,11.4,128227.6,0.4
"113  In  [ No Gas ] :  Calibration Curve Fit R value = -0.283993 is below the allowed minimum = 0.950000103  Rh ( ISTD )  [ No Gas ] :  ISTD Recovery Percent value = 75.27 is outside the allowed range [80.00, 120.00]",FALSE,125SMPL.d,,12/11/2021 22:27,Sample,,3695_2_50-10,,1997.5,2.9,,,205.33,7,10,0,2826459.92,0.5,362.68,8.6,147.33,4.4,50,20,38,39.7,24.67,46.1,1044160.81,0.5,1210883.11,1.4,83.33,5,142,23.1,42.67,14.3,177.33,5.6,56.67,18.1,494.01,3.5,529243.87,0.7,177.33,8.6,123880.07,0.3
"113  In  [ No Gas ] :  Calibration Curve Fit R value = -0.283993 is below the allowed minimum = 0.950000103  Rh ( ISTD )  [ No Gas ] :  ISTD Recovery Percent value = 75.16 is outside the allowed range [80.00, 120.00]",FALSE,126SMPL.d,,12/11/2021 22:32,Sample,,3695_2_50-30,,1983.49,3.9,,,208.67,10.5,10,173.2,10865545.67,1.3,492.01,7.9,123.33,5,33.33,17.3,38,36.8,24,16.7,5664378.67,1.1,6288678.66,1.3,230.67,9.6,125.33,18.6,40.67,31.6,151.33,17.9,55.33,27.6,2047.51,1.7,3431956.58,1.4,284.01,6.7,123703.29,0.9
"113  In  [ No Gas ] :  Calibration Curve Fit R value = -0.283993 is below the allowed minimum = 0.950000103  Rh ( ISTD )  [ No Gas ] :  ISTD Recovery Percent value = 77.32 is outside the allowed range [80.00, 120.00]",FALSE,127SMPL.d,,12/11/2021 22:37,Sample,,3695_3_10-30,,1910.15,1.9,,,171.33,15.2,26.67,57.3,5224222.5,1.4,216,3.2,136,35.9,36.67,15.7,28,14.3,26,48,1923699.83,0.4,2145688.87,1.3,122.67,8.4,126,43.8,33.33,9.2,138.67,32.3,46,45.2,762.03,8.8,1413038.96,0.8,185.33,9.1,127261.66,0.6
"113  In  [ No Gas ] :  Calibration Curve Fit R value = -0.283993 is below the allowed minimum = 0.950000113  In  [ No Gas ] :  Concentration value = 1072.91 is over the calibration range103  Rh ( ISTD )  [ No Gas ] :  ISTD Recovery Percent value = 77.08 is outside the allowed range [80.00, 120.00]",FALSE,128SMPL.d,,12/11/2021 22:42,Sample,,3695_3_10-60,,1894.81,3.8,,,209.33,16,30,88.2,18154632,1,346.01,0.6,109.33,18,56.67,20.4,28.67,10.7,20,30,8782864.33,0.7,9863575.69,0.9,342.68,6.2,106.67,17.4,30.67,3.8,125.33,19.8,28,21.4,3075.06,3.1,6178900.67,0.3,383.34,7.1,126867.16,0.4
"113  In  [ No Gas ] :  Calibration Curve Fit R value = -0.283993 is below the allowed minimum = 0.950000103  Rh ( ISTD )  [ No Gas ] :  ISTD Recovery Percent value = 74.75 is outside the allowed range [80.00, 120.00]",FALSE,129SMPL.d,,12/11/2021 22:47,Sample,,3695_3_50-10,,1922.82,3.8,,,127.33,23.6,3.33,173.2,2686160.83,0.6,280.68,8.6,136,18.1,30,66.7,28,18.9,15.33,39.8,979154.79,0.8,1134159.46,1.5,52,30,120.67,10,34,11.8,114,15,42,4.8,454.01,6.8,501826.74,0.3,141.33,10.2,123021.58,0.4
"113  In  [ No Gas ] :  Calibration Curve Fit R value = -0.283993 is below the allowed minimum = 0.950000103  Rh ( ISTD )  [ No Gas ] :  ISTD Recovery Percent value = 74.97 is outside the allowed range [80.00, 120.00]",FALSE,130SMPL.d,,12/11/2021 22:52,Sample,,3695_3_50-30,,1967.49,2,,,200,8.2,10,0,10842161,0.3,458.01,7.3,145.33,16.5,56.67,36.7,33.33,33,20,36.1,5633387.5,0.7,6296141.36,0.3,229.34,21.6,131.33,33.4,39.33,11.7,144.67,36.9,45.33,24.3,2052.85,2.4,3474104.25,0.4,282.67,14,123391.54,0.3
"113  In  [ No Gas ] :  Calibration Curve Fit R value = -0.283993 is below the allowed minimum = 0.950000103  Rh ( ISTD )  [ No Gas ] :  ISTD Recovery Percent value = 78.52 is outside the allowed range [80.00, 120.00]",FALSE,131SMPL.d,,12/11/2021 22:57,Sample,,cal check 25 #3,,654776.04,0.5,,,1527360.71,1.1,13.33,86.6,2023723.71,0.6,1950012.04,1.6,2350801.83,1,628906.99,0.8,417831.21,0.5,362073.8,0.3,1261581.33,0.9,1415878.42,0.7,436560.55,0.1,2771039.25,0.7,659588.88,0.3,2763805.08,0.2,904464.75,0.3,2910912.58,0.4,624820.54,0.5,2973780.33,1.4,129232.12,0.5
"113  In  [ No Gas ] :  Calibration Curve Fit R value = -0.283993 is below the allowed minimum = 0.950000103  Rh ( ISTD )  [ No Gas ] :  ISTD Recovery Percent value = 77.77 is outside the allowed range [80.00, 120.00]",FALSE,132SMPL.d,,12/11/2021 23:02,Sample,,blank,,5295.06,2.4,,,127.33,32.4,13.33,114.6,1068.72,24.9,215.33,15.7,146,19.8,43.33,93.3,34,41.2,25.33,43.5,523.35,26.6,573.37,21.7,27.33,4.2,196,12.4,46,27.2,188,5.3,66,31.6,202,31.1,324.68,22.5,182.67,16.1,127996.19,1.4
"113  In  [ No Gas ] :  Calibration Curve Fit R value = -0.283993 is below the allowed minimum = 0.950000103  Rh ( ISTD )  [ No Gas ] :  ISTD Recovery Percent value = 77.20 is outside the allowed range [80.00, 120.00]",FALSE,133SMPL.d,,12/11/2021 23:07,Sample,,2592_1_10-30,,2548.26,9.3,,,643.36,77.2,26.67,78.1,5360184.17,0.4,944.06,79.1,962.06,83.1,276.69,91.8,180,83.7,146,77.2,2015577.37,0.3,2238699.45,0.5,277.34,59.4,1113.42,86.3,292.67,89.4,1138.09,83,380.68,94.5,1847.5,49.4,1491522.29,2.1,1276.1,79.7,127066.76,0.2
"113  In  [ No Gas ] :  Calibration Curve Fit R value = -0.283993 is below the allowed minimum = 0.950000103  Rh ( ISTD )  [ No Gas ] :  ISTD Recovery Percent value = 76.81 is outside the allowed range [80.00, 120.00]",FALSE,134SMPL.d,,12/11/2021 23:13,Sample,,2592_1_10-60,,1942.82,3.7,,,198.67,9.7,23.33,24.7,17930366,0.8,380.01,5,139.33,8.4,36.67,56.8,28.67,47.5,23.33,30.1,8728089.67,0.7,9807994.44,0.6,347.34,1.4,121.33,11.9,42,20.8,137.33,16,41.33,47.5,3172.42,1.7,6120521.67,0.5,393.34,3.4,126417.3,0.6
"113  In  [ No Gas ] :  Calibration Curve Fit R value = -0.283993 is below the allowed minimum = 0.950000103  Rh ( ISTD )  [ No Gas ] :  ISTD Recovery Percent value = 74.30 is outside the allowed range [80.00, 120.00]",FALSE,135SMPL.d,,12/11/2021 23:18,Sample,,2592_1_50-10,,1948.82,1,,,132,15.8,13.33,43.3,2860411.83,0.7,244.01,24.3,111.33,5.8,46.67,32.7,22.67,36.7,18,44.4,1025977.27,0.6,1202769.1,0.9,73.33,12.9,96.67,6.3,30.67,10,86.67,20.8,38,24.1,446.01,7,488826.43,0.2,121.33,11,122296.85,0.3
"113  In  [ No Gas ] :  Calibration Curve Fit R value = -0.283993 is below the allowed minimum = 0.950000103  Rh ( ISTD )  [ No Gas ] :  ISTD Recovery Percent value = 74.36 is outside the allowed range [80.00, 120.00]",FALSE,136SMPL.d,,12/11/2021 23:23,Sample,,2592_1_50-30,,2027.49,3.3,,,156,18.9,16.67,69.3,10305213.67,0.3,374.01,6.1,106,11.5,23.33,65.5,22.67,35.7,17.33,83.5,5327558.33,0.9,5959083.25,0.3,216.67,9.2,98.67,13.2,30.67,35.9,104,28.3,36.67,40.9,1853.48,4.8,3209244.42,1.6,240.67,7.9,122395.3,0.2
"113  In  [ No Gas ] :  Calibration Curve Fit R value = -0.283993 is below the allowed minimum = 0.950000103  Rh ( ISTD )  [ No Gas ] :  ISTD Recovery Percent value = 76.35 is outside the allowed range [80.00, 120.00]",FALSE,137SMPL.d,,12/11/2021 23:28,Sample,,2592_2_10-30,,1947.48,4.1,,,179.33,5,10,100,5254977,1,282.67,14.1,162,40.8,46.67,53.9,41.33,41.7,23.33,24.7,1948590.42,0.6,2177408.67,1.1,119.33,11.2,156,48.8,43.33,55.4,172.67,33,70,59.9,780.7,7.6,1434061.25,0.9,238,34.9,125664.61,0.3
"113  In  [ No Gas ] :  Calibration Curve Fit R value = -0.283993 is below the allowed minimum = 0.950000113  In  [ No Gas ] :  Concentration value = 1311.33 is over the calibration range103  Rh ( ISTD )  [ No Gas ] :  ISTD Recovery Percent value = 76.07 is outside the allowed range [80.00, 120.00]",FALSE,138SMPL.d,,12/11/2021 23:33,Sample,,2592_2_10-60,,1838.8,4.4,,,200,9.5,36.67,87.7,17206779.33,0.2,390.68,6.1,111.33,31.6,56.67,27,26.67,51.1,21.33,14.3,8315501.67,0.1,9296714.03,0.3,328.68,3,102.67,37.2,31.33,22.4,108,43.1,47.33,12.2,2951.7,3.3,5849686.33,0.3,356.68,10.8,125203.02,0.4
"113  In  [ No Gas ] :  Calibration Curve Fit R value = -0.283993 is below the allowed minimum = 0.950000103  Rh ( ISTD )  [ No Gas ] :  ISTD Recovery Percent value = 74.01 is outside the allowed range [80.00, 120.00]",FALSE,139SMPL.d,,12/11/2021 23:38,Sample,,2592_2_50-10,,1911.48,2.2,,,165.33,7.8,10,100,2658402.17,0.9,285.34,15.8,125.33,19.7,76.67,37.7,23.33,13.1,19.33,41.8,926216.46,0.7,1037300.74,0.1,68,7.8,108.67,41.2,35.33,51.4,106.67,41.8,40.67,15.8,416.01,3.5,445657.22,0.2,131.33,18.2,121815.93,0.5
"113  In  [ No Gas ] :  Calibration Curve Fit R value = -0.283993 is below the allowed minimum = 0.950000103  Rh ( ISTD )  [ No Gas ] :  ISTD Recovery Percent value = 74.90 is outside the allowed range [80.00, 120.00]",FALSE,140SMPL.d,,12/11/2021 23:43,Sample,,2592_2_50-30,,1956.82,5.1,,,178.67,10.9,16.67,69.3,10359925,0.7,442.01,7.2,109.33,29.6,20,50,30,17.6,16.67,13.9,5294111.5,1.1,5900160.96,0.5,215.33,3,108,25.5,25.33,29.9,93.33,19.9,47.33,17.1,1886.15,3.1,3246929.17,1.1,236.67,12.7,123269.18,0.2
"113  In  [ No Gas ] :  Calibration Curve Fit R value = -0.283993 is below the allowed minimum = 0.950000103  Rh ( ISTD )  [ No Gas ] :  ISTD Recovery Percent value = 76.96 is outside the allowed range [80.00, 120.00]",FALSE,141SMPL.d,,12/11/2021 23:48,Sample,,2592_3_10-30,,1826.8,2.3,,,144.67,20.9,26.67,21.7,5380328.33,0.3,222,9.7,102.67,14.4,20,50,25.33,12.1,9.33,12.4,2048043.08,1.6,2279409.81,1,114,13.2,92,19.9,34.67,12,94.67,22.8,39.33,12.8,781.36,7.3,1515342.54,0.3,154.67,8.8,126662.95,0.4
"113  In  [ No Gas ] :  Calibration Curve Fit R value = -0.283993 is below the allowed minimum = 0.950000103  Rh ( ISTD )  [ No Gas ] :  ISTD Recovery Percent value = 76.93 is outside the allowed range [80.00, 120.00]",FALSE,142SMPL.d,,12/11/2021 23:53,Sample,,2592_3_10-60,,1748.79,3.8,,,216.67,6.7,16.67,34.6,18088280,0.7,398.01,5.9,128.67,26.8,40,50,31.33,25.8,20.67,31.1,8932975.33,1,9969302.56,0.6,335.34,4.3,96,20.5,31.33,54.3,116.67,23.7,38.67,19.6,3106.4,3.2,6182570.5,0.8,394.68,8,126619.19,0.8
"113  In  [ No Gas ] :  Calibration Curve Fit R value = -0.283993 is below the allowed minimum = 0.950000113  In  [ No Gas ] :  Concentration value = 1192.12 is over the calibration range103  Rh ( ISTD )  [ No Gas ] :  ISTD Recovery Percent value = 77.41 is outside the allowed range [80.00, 120.00]",FALSE,143SMPL.d,,12/11/2021 23:58,Sample,,cal check 50 #3,,1371721.67,1.1,,,2981021.33,0.2,33.33,75.5,3909619.33,0.7,3788742.75,0.6,4567744.5,0.5,1294960.14,0.5,830619.54,0.1,721025.37,0.5,2508669.33,0.5,2786530.27,0.4,867883.07,0.1,5375423.83,0.4,1367846.33,0.9,5403475.83,0.1,1868537.37,1,5599053.33,1,1294548.54,0.4,5725817.17,0.3,127412.59,0.2
"113  In  [ No Gas ] :  Calibration Curve Fit R value = -0.283993 is below the allowed minimum = 0.950000103  Rh ( ISTD )  [ No Gas ] :  ISTD Recovery Percent value = 77.11 is outside the allowed range [80.00, 120.00]",FALSE,144SMPL.d,,12/12/2021 0:03,Sample,,blank,,5865.3,0.4,,,141.33,7.8,13.33,114.6,1009.39,16.9,200.67,2.5,156,3.8,63.33,39.7,29.33,20.8,29.33,10.4,495.35,23.3,593.37,5.9,30.67,27.2,197.34,25.7,45.33,14.2,180,23.5,58.67,7.1,189.33,5.8,322.01,23.2,195.33,13.8,126912.6,0.6
"113  In  [ No Gas ] :  Calibration Curve Fit R value = -0.283993 is below the allowed minimum = 0.950000103  Rh ( ISTD )  [ No Gas ] :  ISTD Recovery Percent value = 73.80 is outside the allowed range [80.00, 120.00]",FALSE,145SMPL.d,,12/12/2021 0:08,Sample,,2592_3_50-10,,2523.58,2.2,,,170.67,11.9,16.67,69.3,2555109.33,1.3,288.01,7.3,124,13.2,53.33,28.6,28.67,8.1,21.33,32.9,897394.13,0.3,1005564.31,0.7,75.33,5.5,126.67,19.1,29.33,21.9,134,23.7,52.67,41.8,476.01,12.8,450924.77,0.3,168,25.8,121461.96,0.5
"113  In  [ No Gas ] :  Calibration Curve Fit R value = -0.283993 is below the allowed minimum = 0.950000103  Rh ( ISTD )  [ No Gas ] :  ISTD Recovery Percent value = 73.83 is outside the allowed range [80.00, 120.00]",FALSE,146SMPL.d,,12/12/2021 0:13,Sample,,2592_3_50-30,,2230.86,1.1,,,202.67,2.5,23.33,24.7,10669565,0.8,474.68,4.3,131.33,3.5,46.67,32.7,29.33,33.6,24,14.4,5474155.83,0.5,6147637.82,0.5,213.33,10.3,118.67,27,26.67,30.3,109.33,14.8,40,10,1968.84,3.4,3344368.17,0.6,240.67,20.4,121522.82,0.2
"113  In  [ No Gas ] :  Calibration Curve Fit R value = -0.283993 is below the allowed minimum = 0.950000103  Rh ( ISTD )  [ No Gas ] :  ISTD Recovery Percent value = 75.95 is outside the allowed range [80.00, 120.00]",FALSE,147SMPL.d,,12/12/2021 0:18,Sample,,4255_1_10-30,,2102.18,6.3,,,146.67,9.9,10,100,5346365.83,0.7,210.67,10.7,114.67,28.8,40,25,21.33,5.4,10,0,1995499.38,0.5,2239853.51,0.7,119.33,7.6,107.33,45.7,34.67,32.8,102,21.8,30,59.3,765.36,3.3,1579023.17,1.2,177.33,22,125010.85,0.4
"113  In  [ No Gas ] :  Calibration Curve Fit R value = -0.283993 is below the allowed minimum = 0.950000103  Rh ( ISTD )  [ No Gas ] :  ISTD Recovery Percent value = 76.21 is outside the allowed range [80.00, 120.00]",FALSE,148SMPL.d,,12/12/2021 0:23,Sample,,4255_1_10-60,,1988.83,3.7,,,154.67,14.2,13.33,86.6,17462522,0.4,331.34,4.4,78,36.2,36.67,31.5,18,11.1,10.67,43.3,8339159,0.1,9361181.11,0,359.34,9,78.67,58.9,26.67,15.6,68,53,28.67,4,2895.02,2.1,6124619.5,0.4,336.01,18.5,125439.36,0.1
"113  In  [ No Gas ] :  Calibration Curve Fit R value = -0.283993 is below the allowed minimum = 0.950000103  Rh ( ISTD )  [ No Gas ] :  ISTD Recovery Percent value = 73.52 is outside the allowed range [80.00, 120.00]",FALSE,149SMPL.d,,12/12/2021 0:28,Sample,,4255_1_50-10,,2082.18,6.6,,,118.67,22.6,13.33,114.6,2873106.17,0.3,236,16.7,58.67,14.2,40,75,14.67,20.8,6.67,34.6,1050690.4,0.3,1239257.25,0.5,70.67,20.9,48.67,27.4,12.67,18.2,42.67,28.6,20.67,11.2,390.01,4.5,516029.15,0.3,76,36.6,121009.08,0.3
"113  In  [ No Gas ] :  Calibration Curve Fit R value = -0.283993 is below the allowed minimum = 0.950000113  In  [ No Gas ] :  Concentration value = 1311.33 is over the calibration range103  Rh ( ISTD )  [ No Gas ] :  ISTD Recovery Percent value = 73.72 is outside the allowed range [80.00, 120.00]",FALSE,150SMPL.d,,12/12/2021 0:33,Sample,,4255_1_50-30,,2044.83,2.1,,,163.33,9.9,36.67,56.8,10952661,0.2,410.01,7.4,107.33,30.8,36.67,15.7,20.67,53.3,10.67,54.1,5609954.83,0.7,6389827.82,0.4,214.67,12.6,79.33,43.3,26,13.3,77.33,30.2,24.67,20.4,1950.83,0.7,3420798.92,0.9,246.67,4,121334.89,0.8
"113  In  [ No Gas ] :  Calibration Curve Fit R value = -0.283993 is below the allowed minimum = 0.950000103  Rh ( ISTD )  [ No Gas ] :  ISTD Recovery Percent value = 76.16 is outside the allowed range [80.00, 120.00]",FALSE,151SMPL.d,,12/12/2021 0:38,Sample,,4255_2_10-30,,1815.47,4.9,,,106,8.2,16.67,69.3,5115680.17,0.4,126,1.6,40.67,28.8,16.67,34.6,10.67,10.8,6,66.7,1911899.5,0.1,2132365.23,1.2,106,6.5,8.67,48,4.67,65.5,22.67,35.7,10.67,10.8,632.02,8.6,1446703.08,0.9,63.33,9.1,125343.55,0.2
"113  In  [ No Gas ] :  Calibration Curve Fit R value = -0.283993 is below the allowed minimum = 0.950000103  Rh ( ISTD )  [ No Gas ] :  ISTD Recovery Percent value = 76.24 is outside the allowed range [80.00, 120.00]",FALSE,152SMPL.d,,12/12/2021 0:44,Sample,,4255_2_10-60,,1846.14,4.1,,,152,16,26.67,94.4,17788998,1,322.01,5.5,38,24.1,23.33,65.5,10,52.9,8.67,13.3,8522804.33,0.8,9536134.44,0.3,329.34,3.9,14.67,15.7,4,50,17.33,6.7,8,86.6,2907.69,1.2,6132215.83,0.8,261.34,2.9,125481.05,0.9
"113  In  [ No Gas ] :  Calibration Curve Fit R value = -0.283993 is below the allowed minimum = 0.950000103  Rh ( ISTD )  [ No Gas ] :  ISTD Recovery Percent value = 73.80 is outside the allowed range [80.00, 120.00]",FALSE,153SMPL.d,,12/12/2021 0:49,Sample,,4255_2_50-10,,1944.16,6.9,,,86,4,23.33,89.2,2702349.33,0.9,212,5.9,32,18.8,6.67,86.6,11.33,44.4,9.33,53.9,969181.21,0.2,1083483,0.1,52,13.9,8.67,35.3,11.33,83.4,10,0,6.67,45.8,320.01,9.2,487383.88,0.7,31.33,9.8,121470.9,0.1
"113  In  [ No Gas ] :  Calibration Curve Fit R value = -0.283993 is below the allowed minimum = 0.950000103  Rh ( ISTD )  [ No Gas ] :  ISTD Recovery Percent value = 73.98 is outside the allowed range [80.00, 120.00]",FALSE,154SMPL.d,,12/12/2021 0:54,Sample,,4255_2_50-30,,1998.16,0.9,,,138.67,6.8,16.67,69.3,10698235.33,0.5,380.68,6.7,40,5,20,86.6,11.33,36.7,5.33,94.4,5612361.17,0.3,6218941.16,1.1,184,10.5,12,33.3,5.33,57.3,18,11.1,12.67,45.6,1902.15,1.9,3381419.25,0.7,144,16.7,121754.2,0.3
"113  In  [ No Gas ] :  Calibration Curve Fit R value = -0.283993 is below the allowed minimum = 0.950000103  Rh ( ISTD )  [ No Gas ] :  ISTD Recovery Percent value = 77.07 is outside the allowed range [80.00, 120.00]",FALSE,155SMPL.d,,12/12/2021 0:59,Sample,,cal check 100 #3,,2721350.92,0.9,,,5850860.17,0.7,16.67,124.9,7693033.67,0.7,7378755.83,1,8928733.67,0.8,2570460.95,1.4,1711783.92,1.2,1507728.46,1.3,4843411.83,0.1,5399706.38,0.6,1801348.75,1.4,10653651.33,0.7,2729176.17,0.6,10611936,0.2,3654796.42,0.5,11180655.67,1.1,2569689.92,0.4,11410204.67,0.6,126839.9,0.6
"113  In  [ No Gas ] :  Calibration Curve Fit R value = -0.283993 is below the allowed minimum = 0.950000103  Rh ( ISTD )  [ No Gas ] :  ISTD Recovery Percent value = 75.96 is outside the allowed range [80.00, 120.00]",FALSE,156SMPL.d,,12/12/2021 1:03,Sample,,blank,,6590.95,2.4,,,123.33,11.4,16.67,34.6,292.67,18.5,168.67,8.4,150,11.9,36.67,31.5,32.67,27.6,20,43.6,146,7.2,180.01,22.2,28,31.1,163.33,8.6,42,12.6,174,7.2,64,15.6,198,8.8,106.67,30.9,182.67,7.9,125024.8,0.3
"113  In  [ No Gas ] :  Calibration Curve Fit R value = -0.283993 is below the allowed minimum = 0.950000103  Rh ( ISTD )  [ No Gas ] :  ISTD Recovery Percent value = 76.05 is outside the allowed range [80.00, 120.00]",FALSE,157SMPL.d,,12/12/2021 1:09,Sample,,4255_3_10-30,,2746.96,5.3,,,188.67,6.1,10,100,5340835.33,0.4,223.33,4.2,158,8.9,73.33,41.7,39.33,17.9,21.33,35.5,2025366.96,1,2297440.38,0.6,133.33,14.8,149.33,20.1,42.67,7.2,154.67,16.1,57.33,21.3,799.36,8.6,1531123.17,0.7,223.33,11.9,125161.5,0.8
"113  In  [ No Gas ] :  Calibration Curve Fit R value = -0.283993 is below the allowed minimum = 0.950000103  Rh ( ISTD )  [ No Gas ] :  ISTD Recovery Percent value = 76.10 is outside the allowed range [80.00, 120.00]",FALSE,158SMPL.d,,12/12/2021 1:14,Sample,,4255_3_10-60,,2512.25,3.2,,,238.67,2.4,23.33,49.5,17189350.67,0.6,412.01,2.5,162,8.1,53.33,28.6,36.67,13.7,30,17.6,8407927.17,0.4,9368946.32,0.6,327.34,3.4,162,7.5,52.67,15.8,181.33,15,66,18.9,3039.05,2.6,5997428.83,0.1,450.68,8.7,125253.66,0.7
"113  In  [ No Gas ] :  Calibration Curve Fit R value = -0.283993 is below the allowed minimum = 0.950000103  Rh ( ISTD )  [ No Gas ] :  ISTD Recovery Percent value = 73.95 is outside the allowed range [80.00, 120.00]",FALSE,159SMPL.d,,12/12/2021 1:19,Sample,,4255_3_50-10,,2468.91,4.2,,,201.33,9.8,20,50,2820780.92,0.5,389.34,6.9,228,8.4,83.34,25,43.33,7.1,30.67,7.5,1048935.4,0.5,1232480.79,1.4,84,2.4,246,19.9,49.33,4.7,224,20.1,93.33,27.9,619.35,6.5,528934.56,0.2,264.01,11,121713.72,0.3
"113  In  [ No Gas ] :  Calibration Curve Fit R value = -0.283993 is below the allowed minimum = 0.950000113  In  [ No Gas ] :  Concentration value = 1073.03 is over the calibration range103  Rh ( ISTD )  [ No Gas ] :  ISTD Recovery Percent value = 73.72 is outside the allowed range [80.00, 120.00]",FALSE,160SMPL.d,,12/12/2021 1:24,Sample,,4255_3_50-30,,2496.91,1.6,,,281.34,6.6,30,88.2,11230723.67,1.1,526.68,6.2,255.34,9.3,66.67,60.6,57.33,26.2,35.33,14.2,5833016.17,1.2,6472781.78,1.4,256,13.3,272.01,12.3,59.33,24.8,262,13.8,103.33,6.2,2266.22,2.4,3550215.5,0.5,451.34,5.9,121335.48,0.9
"113  In  [ No Gas ] :  Calibration Curve Fit R value = -0.283993 is below the allowed minimum = 0.950000103  Rh ( ISTD )  [ No Gas ] :  ISTD Recovery Percent value = 76.34 is outside the allowed range [80.00, 120.00]",FALSE,161SMPL.d,,12/12/2021 1:29,Sample,,qwt3_1_10-30,,2337.55,2.9,,,154,15.7,26.67,94.4,4883488.67,1.4,173.33,18.5,82,13.6,33.33,75.5,24.67,16.9,18,57.7,1777231.04,0.9,1982600.33,0.7,118,32.2,76.67,8,21.33,23.6,74,13.5,32.67,25.5,654.69,6.8,1347076.46,1.3,140.67,16.4,125653.81,0.4
"113  In  [ No Gas ] :  Calibration Curve Fit R value = -0.283993 is below the allowed minimum = 0.950000103  Rh ( ISTD )  [ No Gas ] :  ISTD Recovery Percent value = 76.09 is outside the allowed range [80.00, 120.00]",FALSE,162SMPL.d,,12/12/2021 1:34,Sample,,qwt3_1_10-60,,2220.2,1.4,,,169.33,10.9,20,132.3,17507115.33,0.7,322.01,13.7,88.67,3.4,46.67,12.4,26,40.7,12.67,59.8,8438436.33,0.2,9416855.69,0.3,329.34,6.4,64.67,7.1,24,8.3,69.33,7.3,31.33,19.5,2889.01,2.6,6049746.67,1,313.34,17.1,125239.43,0.5
"113  In  [ No Gas ] :  Calibration Curve Fit R value = -0.283993 is below the allowed minimum = 0.950000113  In  [ No Gas ] :  Concentration value = 1192.12 is over the calibration range103  Rh ( ISTD )  [ No Gas ] :  ISTD Recovery Percent value = 73.50 is outside the allowed range [80.00, 120.00]",FALSE,163SMPL.d,,12/12/2021 1:39,Sample,,qwt3_1_50-10,,2261.54,3.2,,,109.33,16.6,33.33,62.4,3043088.58,1.7,244,7.4,59.33,11.8,23.33,49.5,16.67,60.4,9.33,61.9,1250711.34,0.7,1393841.07,1.3,64,32.9,40.67,11.4,12.67,18.2,38.67,16.6,18,29.4,428.01,11.5,608835.19,0.5,70.67,11.4,120970.3,0.6
"113  In  [ No Gas ] :  Calibration Curve Fit R value = -0.283993 is below the allowed minimum = 0.950000103  Rh ( ISTD )  [ No Gas ] :  ISTD Recovery Percent value = 73.39 is outside the allowed range [80.00, 120.00]",FALSE,164SMPL.d,,12/12/2021 1:44,Sample,,qwt3_1_50-30,,2222.86,2.5,,,164,8,20,50,11320643,0.2,381.34,16.1,73.33,27.9,33.33,45.8,19.33,46.6,8,43.3,6082239.83,0.5,6744498.86,0.7,206,5.8,55.33,11.6,20,17.3,62.67,27.9,26.67,30.3,2062.18,4.4,3723000.92,1.1,242.67,21.2,120793.94,0.3
"113  In  [ No Gas ] :  Calibration Curve Fit R value = -0.283993 is below the allowed minimum = 0.950000103  Rh ( ISTD )  [ No Gas ] :  ISTD Recovery Percent value = 75.61 is outside the allowed range [80.00, 120.00]",FALSE,165SMPL.d,,12/12/2021 1:49,Sample,,qwt3_2_10-30,,2142.85,4.8,,,115.33,28.8,23.33,24.7,5501246.83,1.2,154.67,22.1,56,21.7,20,100,10.67,39,6.67,62.4,2065254.38,0.3,2313888.3,0.9,97.33,12.6,36.67,20.7,12,33.3,37.33,27.5,10,52.9,748.7,6,1611295.87,1,92.67,18.6,124442.74,0.8
"113  In  [ No Gas ] :  Calibration Curve Fit R value = -0.283993 is below the allowed minimum = 0.950000103  Rh ( ISTD )  [ No Gas ] :  ISTD Recovery Percent value = 75.67 is outside the allowed range [80.00, 120.00]",FALSE,166SMPL.d,,12/12/2021 1:54,Sample,,qwt3_2_10-60,,2110.85,3.6,,,165.33,10.6,23.33,65.5,17273518,0.9,301.34,7.1,61.33,9.4,10,100,14.67,31.5,8.67,48,8285370.83,0.9,9191327.78,0.3,344.01,4.1,25.33,25.4,15.33,7.5,24,38.2,18.67,24.7,2789.66,2.9,6071177.33,0.4,273.34,9.3,124535.6,0.3
"113  In  [ No Gas ] :  Calibration Curve Fit R value = -0.283993 is below the allowed minimum = 0.950000103  Rh ( ISTD )  [ No Gas ] :  ISTD Recovery Percent value = 76.98 is outside the allowed range [80.00, 120.00]",FALSE,167SMPL.d,,12/12/2021 1:59,Sample,,cal check 10 #4,,246929.29,0.8,,,570761.67,0.1,10,173.2,758501.83,0.3,725179.35,0.4,886971.89,0.5,247151.81,0.5,162749.06,1.1,142443.71,0.2,474342.02,0.5,529483.69,0.6,171226.18,0.9,1049625.62,0.2,258475.73,0.5,1051759.5,0.2,353923.32,0.1,1099236.62,0.2,246760.75,0.3,1128058,0.3,126693.03,0.6
"113  In  [ No Gas ] :  Calibration Curve Fit R value = -0.283993 is below the allowed minimum = 0.950000103  Rh ( ISTD )  [ No Gas ] :  ISTD Recovery Percent value = 75.98 is outside the allowed range [80.00, 120.00]",FALSE,168SMPL.d,,12/12/2021 2:04,Sample,,blank,,4815.55,0.9,,,64.67,15.3,10,100,201.33,17.6,124,14.5,56,12.9,10,100,10.67,43.3,12.67,24.1,104,1.9,123.34,20.4,9.33,53.9,58.67,27.6,18,29.4,59.33,41.2,21.33,23.6,53.33,10.8,67.33,26,72.67,17.9,125061.25,0.4
"113  In  [ No Gas ] :  Calibration Curve Fit R value = -0.283993 is below the allowed minimum = 0.950000103  Rh ( ISTD )  [ No Gas ] :  ISTD Recovery Percent value = 74.02 is outside the allowed range [80.00, 120.00]",FALSE,169SMPL.d,,12/12/2021 2:09,Sample,,qwt3_2_50-10,,2300.21,1.7,,,89.33,23,0,N/A,2980693.92,0.9,226,0.9,40,18,20,100,10.67,47.2,3.33,34.6,1169266.83,1.7,1304688.34,1.1,55.33,26.1,11.33,40.8,6,66.7,17.33,58.1,10,52.9,390.68,6.8,560419.91,0.4,40,25,121829.52,0.7
"113  In  [ No Gas ] :  Calibration Curve Fit R value = -0.283993 is below the allowed minimum = 0.950000103  Rh ( ISTD )  [ No Gas ] :  ISTD Recovery Percent value = 74.04 is outside the allowed range [80.00, 120.00]",FALSE,170SMPL.d,,12/12/2021 2:15,Sample,,qwt3_2_50-30,,2210.19,3.2,,,113.33,8,20,50,11033063,0.2,384.01,5.4,42,31.2,13.33,86.6,12,16.7,9.33,49.5,5889046,0.8,6609288.86,0.7,221.33,5.9,14,14.3,4,50,14.67,31.5,9.33,61.9,1908.16,1.9,3540359.17,0.7,152.67,17.1,121855.71,0.1
"113  In  [ No Gas ] :  Calibration Curve Fit R value = -0.283993 is below the allowed minimum = 0.950000103  Rh ( ISTD )  [ No Gas ] :  ISTD Recovery Percent value = 76.96 is outside the allowed range [80.00, 120.00]",FALSE,171SMPL.d,,12/12/2021 2:20,Sample,,qwt3_3_10-30,,1908.81,2.1,,,104,3.3,26.67,57.3,6002058.17,1,156,9,48.67,37.3,6.67,173.2,8.67,48,4,86.6,2344964.92,0.2,2629876.84,0.3,124.67,16.7,12.67,24.1,8,0,14,37.8,9.33,44.6,832.7,3,1802941.5,0.7,115.33,16.1,126660.53,0.3
"113  In  [ No Gas ] :  Calibration Curve Fit R value = -0.283993 is below the allowed minimum = 0.950000103  Rh ( ISTD )  [ No Gas ] :  ISTD Recovery Percent value = 77.07 is outside the allowed range [80.00, 120.00]",FALSE,172SMPL.d,,12/12/2021 2:25,Sample,,qwt3_3_10-60,,1823.47,2,,,148,15.6,6.67,86.6,17920215.33,0.5,318.01,8.2,32.67,43,10,100,13.33,31.2,11.33,27,8711404.67,0.8,9765195.89,0.2,343.34,8.3,26,27.7,8,50,40,37.7,12.67,32.9,2963.7,0.1,6131730.67,0.4,304.01,7.5,126853.2,0.4
"113  In  [ No Gas ] :  Calibration Curve Fit R value = -0.283993 is below the allowed minimum = 0.950000103  Rh ( ISTD )  [ No Gas ] :  ISTD Recovery Percent value = 74.56 is outside the allowed range [80.00, 120.00]",FALSE,173SMPL.d,,12/12/2021 2:30,Sample,,qwt3_3_50-10,,1960.82,3.3,,,118,15.3,23.33,24.7,2984867,1.6,238,3,41.33,46.5,10,100,18,29.4,5.33,21.7,1185978.96,1.3,1337292.27,0.9,65.33,15.1,26,53.3,11.33,53.9,26,46.8,10,52.9,370.68,12.8,579413.02,0.1,42.67,15.1,122712.12,0.5
"113  In  [ No Gas ] :  Calibration Curve Fit R value = -0.283993 is below the allowed minimum = 0.950000103  Rh ( ISTD )  [ No Gas ] :  ISTD Recovery Percent value = 74.86 is outside the allowed range [80.00, 120.00]",FALSE,174SMPL.d,,12/12/2021 2:35,Sample,,qwt3_3_50-30,,1920.15,5.5,,,144.67,20.4,23.33,65.5,11252649.67,0.1,372.01,8.7,43.33,5.3,30,57.7,15.33,45.8,9.33,32.7,6036520.33,0.3,6790397.19,0.2,207.33,3.9,14.67,39.4,9.33,68.9,14,28.6,12.67,32.9,1960.17,5.8,3685881.25,0.7,164.67,7.4,123214.67,0.5
"113  In  [ No Gas ] :  Calibration Curve Fit R value = -0.283993 is below the allowed minimum = 0.950000103  Rh ( ISTD )  [ No Gas ] :  ISTD Recovery Percent value = 77.43 is outside the allowed range [80.00, 120.00]",FALSE,175SMPL.d,,12/12/2021 2:40,Sample,,blank,,2815.64,1.9,,,60,14.5,16.67,69.3,347.34,7.7,85.33,17,35.33,35.9,10,0,7.33,41.7,6,33.3,204,5.9,190.01,18.2,9.33,32.7,48.67,24.1,11.33,10.2,46,28.5,14,49.5,38.67,3,118.67,11.5,44,4.5,127434.8,0.5
"113  In  [ No Gas ] :  Calibration Curve Fit R value = -0.283993 is below the allowed minimum = 0.950000103  Rh ( ISTD )  [ No Gas ] :  ISTD Recovery Percent value = 76.90 is outside the allowed range [80.00, 120.00]",FALSE,176SMPL.d,,12/12/2021 2:45,Sample,,blank,,2828.31,3,,,58,13.8,10,100,178.67,9,95.33,24.1,38.67,15.8,3.33,173.2,8,25,8,50,79.33,2.9,113.33,18.4,3.33,91.7,30,17.6,10,34.6,36.67,13.7,15.33,19.9,43.33,21.8,46,32.8,49.33,26.4,126576.05,0.6
"113  In  [ No Gas ] :  Calibration Curve Fit R value = -0.283993 is below the allowed minimum = 0.950000103  Rh ( ISTD )  [ No Gas ] :  ISTD Recovery Percent value = 76.64 is outside the allowed range [80.00, 120.00]",FALSE,177SMPL.d,,12/12/2021 2:50,Sample,,blank,,2738.96,1.9,,,44.67,11.3,16.67,34.6,129.33,19.6,79.33,3.9,42,21.8,10,100,10,60,2.67,43.3,58.67,31.7,60,16.7,13.33,22.9,38.67,18.2,10.67,60.3,46.67,6.5,14.67,41.7,46,23,43.33,20.8,50.67,21.7,126134.53,0.4
