Well,Wavelength (nm),Absorbance,Data Point Number,Well Number
"(1, 1)",580,0.2863,1,1
"(1, 1)",590,0.2754,2,1
"(1, 1)",600,0.2788,3,1
"(1, 1)",610,0.2715,4,1
"(1, 1)",620,0.2358,5,1
"(1, 1)",630,0.2088,6,1
"(1, 1)",640,0.2154,7,1
"(1, 1)",650,0.2492,8,1
"(1, 1)",660,0.2448,9,1
"(1, 1)",670,0.1759,10,1
"(1, 1)",680,0.1028,11,1
"(2, 1)",580,0.2839,12,2
"(2, 1)",590,0.2231,13,2
"(2, 1)",600,0.1749,14,2
"(2, 1)",610,0.1424,15,2
"(2, 1)",620,0.1189,16,2
"(2, 1)",630,0.1049,17,2
"(2, 1)",640,0.1022,18,2
"(2, 1)",650,0.106,19,2
"(2, 1)",660,0.0956,20,2
"(2, 1)",670,0.0651,21,2
"(2, 1)",680,0.0368,22,2
"(3, 1)",580,0.2872,23,3
"(3, 1)",590,0.2767,24,3
"(3, 1)",600,0.2801,25,3
"(3, 1)",610,0.2728,26,3
"(3, 1)",620,0.2377,27,3
"(3, 1)",630,0.2098,28,3
"(3, 1)",640,0.2164,29,3
"(3, 1)",650,0.2498,30,3
"(3, 1)",660,0.2457,31,3
"(3, 1)",670,0.1768,32,3
"(3, 1)",680,0.1033,33,3
"(4, 1)",580,0.2858,34,4
"(4, 1)",590,0.2226,35,4
"(4, 1)",600,0.1726,36,4
"(4, 1)",610,0.1386,37,4
"(4, 1)",620,0.1152,38,4
"(4, 1)",630,0.1015,39,4
"(4, 1)",640,0.0982,40,4
"(4, 1)",650,0.1006,41,4
"(4, 1)",660,0.09,42,4
"(4, 1)",670,0.0611,43,4
"(4, 1)",680,0.0348,44,4
"(5, 1)",580,0.2852,45,5
"(5, 1)",590,0.2746,46,5
"(5, 1)",600,0.2785,47,5
"(5, 1)",610,0.2714,48,5
"(5, 1)",620,0.2362,49,5
"(5, 1)",630,0.2084,50,5
"(5, 1)",640,0.2148,51,5
"(5, 1)",650,0.2486,52,5
"(5, 1)",660,0.2445,53,5
"(5, 1)",670,0.1761,54,5
"(5, 1)",680,0.1028,55,5
"(6, 1)",580,0.2855,56,6
"(6, 1)",590,0.2206,57,6
"(6, 1)",600,0.1689,58,6
"(6, 1)",610,0.134,59,6
"(6, 1)",620,0.1113,60,6
"(6, 1)",630,0.0972,61,6
"(6, 1)",640,0.0936,62,6
"(6, 1)",650,0.0944,63,6
"(6, 1)",660,0.0833,64,6
"(6, 1)",670,0.0566,65,6
"(6, 1)",680,0.0322,66,6
"(7, 1)",580,0.2851,67,7
"(7, 1)",590,0.2746,68,7
"(7, 1)",600,0.2789,69,7
"(7, 1)",610,0.2717,70,7
"(7, 1)",620,0.2364,71,7
"(7, 1)",630,0.2086,72,7
"(7, 1)",640,0.2151,73,7
"(7, 1)",650,0.2486,74,7
"(7, 1)",660,0.2449,75,7
"(7, 1)",670,0.1763,76,7
"(7, 1)",680,0.103,77,7
"(8, 1)",580,0.2952,78,8
"(8, 1)",590,0.2374,79,8
"(8, 1)",600,0.1896,80,8
"(8, 1)",610,0.1522,81,8
"(8, 1)",620,0.1265,82,8
"(8, 1)",630,0.1124,83,8
"(8, 1)",640,0.1111,84,8
"(8, 1)",650,0.1128,85,8
"(8, 1)",660,0.0979,86,8
"(8, 1)",670,0.0665,87,8
"(8, 1)",680,0.0387,88,8
"(1, 2)",580,0.2833,89,9
"(1, 2)",590,0.225,90,9
"(1, 2)",600,0.1794,91,9
"(1, 2)",610,0.1476,92,9
"(1, 2)",620,0.1238,93,9
"(1, 2)",630,0.1096,94,9
"(1, 2)",640,0.1076,95,9
"(1, 2)",650,0.1133,96,9
"(1, 2)",660,0.103,97,9
"(1, 2)",670,0.0705,98,9
"(1, 2)",680,0.0398,99,9
"(2, 2)",580,0.2848,100,10
"(2, 2)",590,0.2738,101,10
"(2, 2)",600,0.2774,102,10
"(2, 2)",610,0.2699,103,10
"(2, 2)",620,0.2348,104,10
"(2, 2)",630,0.2079,105,10
"(2, 2)",640,0.2143,106,10
"(2, 2)",650,0.2478,107,10
"(2, 2)",660,0.2438,108,10
"(2, 2)",670,0.1752,109,10
"(2, 2)",680,0.1025,110,10
"(3, 2)",580,0.2826,111,11
"(3, 2)",590,0.2193,112,11
"(3, 2)",600,0.1694,113,11
"(3, 2)",610,0.136,114,11
"(3, 2)",620,0.1131,115,11
"(3, 2)",630,0.0995,116,11
"(3, 2)",640,0.0958,117,11
"(3, 2)",650,0.0972,118,11
"(3, 2)",660,0.0869,119,11
"(3, 2)",670,0.0592,120,11
"(3, 2)",680,0.0337,121,11
"(4, 2)",580,0.2832,122,12
"(4, 2)",590,0.2725,123,12
"(4, 2)",600,0.2767,124,12
"(4, 2)",610,0.27,125,12
"(4, 2)",620,0.2345,126,12
"(4, 2)",630,0.2073,127,12
"(4, 2)",640,0.2134,128,12
"(4, 2)",650,0.247,129,12
"(4, 2)",660,0.2429,130,12
"(4, 2)",670,0.1747,131,12
"(4, 2)",680,0.1022,132,12
"(5, 2)",580,0.2854,133,13
"(5, 2)",590,0.2213,134,13
"(5, 2)",600,0.17,135,13
"(5, 2)",610,0.1359,136,13
"(5, 2)",620,0.1128,137,13
"(5, 2)",630,0.0988,138,13
"(5, 2)",640,0.0951,139,13
"(5, 2)",650,0.0963,140,13
"(5, 2)",660,0.0859,141,13
"(5, 2)",670,0.0582,142,13
"(5, 2)",680,0.0331,143,13
"(6, 2)",580,0.2846,144,14
"(6, 2)",590,0.2745,145,14
"(6, 2)",600,0.2792,146,14
"(6, 2)",610,0.2724,147,14
"(6, 2)",620,0.2372,148,14
"(6, 2)",630,0.2092,149,14
"(6, 2)",640,0.2157,150,14
"(6, 2)",650,0.2492,151,14
"(6, 2)",660,0.2455,152,14
"(6, 2)",670,0.177,153,14
"(6, 2)",680,0.1036,154,14
"(7, 2)",580,0.2868,155,15
"(7, 2)",590,0.2236,156,15
"(7, 2)",600,0.1736,157,15
"(7, 2)",610,0.1402,158,15
"(7, 2)",620,0.1167,159,15
"(7, 2)",630,0.1024,160,15
"(7, 2)",640,0.0993,161,15
"(7, 2)",650,0.1014,162,15
"(7, 2)",660,0.0906,163,15
"(7, 2)",670,0.0619,164,15
"(7, 2)",680,0.0351,165,15
"(8, 2)",580,0.2837,166,16
"(8, 2)",590,0.2733,167,16
"(8, 2)",600,0.2776,168,16
"(8, 2)",610,0.2711,169,16
"(8, 2)",620,0.2354,170,16
"(8, 2)",630,0.2077,171,16
"(8, 2)",640,0.2141,172,16
"(8, 2)",650,0.248,173,16
"(8, 2)",660,0.2444,174,16
"(8, 2)",670,0.176,175,16
"(8, 2)",680,0.1026,176,16
"(1, 3)",580,0.2809,177,17
"(1, 3)",590,0.2714,178,17
"(1, 3)",600,0.2765,179,17
"(1, 3)",610,0.27,180,17
"(1, 3)",620,0.2355,181,17
"(1, 3)",630,0.2076,182,17
"(1, 3)",640,0.2137,183,17
"(1, 3)",650,0.2469,184,17
"(1, 3)",660,0.2428,185,17
"(1, 3)",670,0.1748,186,17
"(1, 3)",680,0.1025,187,17
"(2, 3)",580,0.2846,188,18
"(2, 3)",590,0.2201,189,18
"(2, 3)",600,0.1689,190,18
"(2, 3)",610,0.1347,191,18
"(2, 3)",620,0.1116,192,18
"(2, 3)",630,0.0976,193,18
"(2, 3)",640,0.094,194,18
"(2, 3)",650,0.095,195,18
"(2, 3)",660,0.084,196,18
"(2, 3)",670,0.0574,197,18
"(2, 3)",680,0.0326,198,18
"(3, 3)",580,0.288,199,19
"(3, 3)",590,0.2763,200,19
"(3, 3)",600,0.2792,201,19
"(3, 3)",610,0.2714,202,19
"(3, 3)",620,0.2364,203,19
"(3, 3)",630,0.2088,204,19
"(3, 3)",640,0.2158,205,19
"(3, 3)",650,0.2491,206,19
"(3, 3)",660,0.2447,207,19
"(3, 3)",670,0.1756,208,19
"(3, 3)",680,0.1027,209,19
"(4, 3)",580,0.2835,210,20
"(4, 3)",590,0.2233,211,20
"(4, 3)",600,0.1754,212,20
"(4, 3)",610,0.1425,213,20
"(4, 3)",620,0.1192,214,20
"(4, 3)",630,0.1054,215,20
"(4, 3)",640,0.1027,216,20
"(4, 3)",650,0.1063,217,20
"(4, 3)",660,0.0959,218,20
"(4, 3)",670,0.0654,219,20
"(4, 3)",680,0.0371,220,20
"(5, 3)",580,0.2847,221,21
"(5, 3)",590,0.2745,222,21
"(5, 3)",600,0.2781,223,21
"(5, 3)",610,0.2712,224,21
"(5, 3)",620,0.2361,225,21
"(5, 3)",630,0.2083,226,21
"(5, 3)",640,0.2149,227,21
"(5, 3)",650,0.2488,228,21
"(5, 3)",660,0.2445,229,21
"(5, 3)",670,0.1759,230,21
"(5, 3)",680,0.103,231,21
"(6, 3)",580,0.2862,232,22
"(6, 3)",590,0.219,233,22
"(6, 3)",600,0.1655,234,22
"(6, 3)",610,0.1301,235,22
"(6, 3)",620,0.1079,236,22
"(6, 3)",630,0.0935,237,22
"(6, 3)",640,0.089,238,22
"(6, 3)",650,0.088,239,22
"(6, 3)",660,0.077,240,22
"(6, 3)",670,0.0523,241,22
"(6, 3)",680,0.0301,242,22
"(7, 3)",580,0.2745,243,23
"(7, 3)",590,0.2667,244,23
"(7, 3)",600,0.2739,245,23
"(7, 3)",610,0.2689,246,23
"(7, 3)",620,0.234,247,23
"(7, 3)",630,0.2057,248,23
"(7, 3)",640,0.2112,249,23
"(7, 3)",650,0.2442,250,23
"(7, 3)",660,0.2411,251,23
"(7, 3)",670,0.1746,252,23
"(7, 3)",680,0.1028,253,23
"(8, 3)",580,0.2837,254,24
"(8, 3)",590,0.2223,255,24
"(8, 3)",600,0.1742,256,24
"(8, 3)",610,0.1413,257,24
"(8, 3)",620,0.1179,258,24
"(8, 3)",630,0.1037,259,24
"(8, 3)",640,0.1011,260,24
"(8, 3)",650,0.1046,261,24
"(8, 3)",660,0.0942,262,24
"(8, 3)",670,0.0644,263,24
"(8, 3)",680,0.0365,264,24
"(1, 4)",580,0.2813,265,25
"(1, 4)",590,0.2184,266,25
"(1, 4)",600,0.1683,267,25
"(1, 4)",610,0.1348,268,25
"(1, 4)",620,0.1121,269,25
"(1, 4)",630,0.0985,270,25
"(1, 4)",640,0.0951,271,25
"(1, 4)",650,0.0962,272,25
"(1, 4)",660,0.0853,273,25
"(1, 4)",670,0.0584,274,25
"(1, 4)",680,0.0337,275,25
"(2, 4)",580,0.285,276,26
"(2, 4)",590,0.2724,277,26
"(2, 4)",600,0.2744,278,26
"(2, 4)",610,0.2661,279,26
"(2, 4)",620,0.2313,280,26
"(2, 4)",630,0.2051,281,26
"(2, 4)",640,0.212,282,26
"(2, 4)",650,0.245,283,26
"(2, 4)",660,0.2404,284,26
"(2, 4)",670,0.1721,285,26
"(2, 4)",680,0.1003,286,26
"(3, 4)",580,0.2857,287,27
"(3, 4)",590,0.225,288,27
"(3, 4)",600,0.1771,289,27
"(3, 4)",610,0.1443,290,27
"(3, 4)",620,0.1206,291,27
"(3, 4)",630,0.1062,292,27
"(3, 4)",640,0.1043,293,27
"(3, 4)",650,0.1083,294,27
"(3, 4)",660,0.0978,295,27
"(3, 4)",670,0.0667,296,27
"(3, 4)",680,0.0382,297,27
"(4, 4)",580,0.2843,298,28
"(4, 4)",590,0.2742,299,28
"(4, 4)",600,0.2782,300,28
"(4, 4)",610,0.2712,301,28
"(4, 4)",620,0.2363,302,28
"(4, 4)",630,0.2087,303,28
"(4, 4)",640,0.2152,304,28
"(4, 4)",650,0.2486,305,28
"(4, 4)",660,0.2443,306,28
"(4, 4)",670,0.1755,307,28
"(4, 4)",680,0.1029,308,28
"(5, 4)",580,0.2855,309,29
"(5, 4)",590,0.2182,310,29
"(5, 4)",600,0.1646,311,29
"(5, 4)",610,0.1287,312,29
"(5, 4)",620,0.1063,313,29
"(5, 4)",630,0.0924,314,29
"(5, 4)",640,0.0878,315,29
"(5, 4)",650,0.0866,316,29
"(5, 4)",660,0.0756,317,29
"(5, 4)",670,0.0513,318,29
"(5, 4)",680,0.0294,319,29
"(6, 4)",580,0.2841,320,30
"(6, 4)",590,0.2741,321,30
"(6, 4)",600,0.2792,322,30
"(6, 4)",610,0.2721,323,30
"(6, 4)",620,0.2375,324,30
"(6, 4)",630,0.2092,325,30
"(6, 4)",640,0.2154,326,30
"(6, 4)",650,0.2494,327,30
"(6, 4)",660,0.2455,328,30
"(6, 4)",670,0.1769,329,30
"(6, 4)",680,0.1038,330,30
"(7, 4)",580,0.2828,331,31
"(7, 4)",590,0.2136,332,31
"(7, 4)",600,0.1576,333,31
"(7, 4)",610,0.1216,334,31
"(7, 4)",620,0.0994,335,31
"(7, 4)",630,0.0862,336,31
"(7, 4)",640,0.08,337,31
"(7, 4)",650,0.0771,338,31
"(7, 4)",660,0.0659,339,31
"(7, 4)",670,0.0444,340,31
"(7, 4)",680,0.0258,341,31
"(8, 4)",580,0.2852,342,32
"(8, 4)",590,0.274,343,32
"(8, 4)",600,0.2769,344,32
"(8, 4)",610,0.2698,345,32
"(8, 4)",620,0.2344,346,32
"(8, 4)",630,0.2071,347,32
"(8, 4)",640,0.2138,348,32
"(8, 4)",650,0.2471,349,32
"(8, 4)",660,0.2434,350,32
"(8, 4)",670,0.175,351,32
"(8, 4)",680,0.1023,352,32
"(1, 5)",580,0.2853,353,33
"(1, 5)",590,0.2752,354,33
"(1, 5)",600,0.2793,355,33
"(1, 5)",610,0.272,356,33
"(1, 5)",620,0.2369,357,33
"(1, 5)",630,0.2097,358,33
"(1, 5)",640,0.2161,359,33
"(1, 5)",650,0.2497,360,33
"(1, 5)",660,0.2453,361,33
"(1, 5)",670,0.1761,362,33
"(1, 5)",680,0.1033,363,33
"(2, 5)",580,0.2833,364,34
"(2, 5)",590,0.2254,365,34
"(2, 5)",600,0.1805,366,34
"(2, 5)",610,0.1489,367,34
"(2, 5)",620,0.125,368,34
"(2, 5)",630,0.1106,369,34
"(2, 5)",640,0.1095,370,34
"(2, 5)",650,0.1155,371,34
"(2, 5)",660,0.1052,372,34
"(2, 5)",670,0.0719,373,34
"(2, 5)",680,0.0407,374,34
"(3, 5)",580,0.285,375,35
"(3, 5)",590,0.2738,376,35
"(3, 5)",600,0.2774,377,35
"(3, 5)",610,0.2697,378,35
"(3, 5)",620,0.2347,379,35
"(3, 5)",630,0.2076,380,35
"(3, 5)",640,0.2142,381,35
"(3, 5)",650,0.2477,382,35
"(3, 5)",660,0.2431,383,35
"(3, 5)",670,0.1747,384,35
"(3, 5)",680,0.1022,385,35
"(4, 5)",580,0.2853,386,36
"(4, 5)",590,0.2153,387,36
"(4, 5)",600,0.1587,388,36
"(4, 5)",610,0.1218,389,36
"(4, 5)",620,0.1,390,36
"(4, 5)",630,0.0863,391,36
"(4, 5)",640,0.0802,392,36
"(4, 5)",650,0.0768,393,36
"(4, 5)",660,0.0654,394,36
"(4, 5)",670,0.044,395,36
"(4, 5)",680,0.0256,396,36
"(5, 5)",580,0.2862,397,37
"(5, 5)",590,0.2751,398,37
"(5, 5)",600,0.2792,399,37
"(5, 5)",610,0.2718,400,37
"(5, 5)",620,0.2362,401,37
"(5, 5)",630,0.209,402,37
"(5, 5)",640,0.2157,403,37
"(5, 5)",650,0.2493,404,37
"(5, 5)",660,0.245,405,37
"(5, 5)",670,0.1762,406,37
"(5, 5)",680,0.103,407,37
"(6, 5)",580,0.2851,408,38
"(6, 5)",590,0.2161,409,38
"(6, 5)",600,0.1606,410,38
"(6, 5)",610,0.1242,411,38
"(6, 5)",620,0.1019,412,38
"(6, 5)",630,0.0886,413,38
"(6, 5)",640,0.0829,414,38
"(6, 5)",650,0.0806,415,38
"(6, 5)",660,0.0692,416,38
"(6, 5)",670,0.0466,417,38
"(6, 5)",680,0.0267,418,38
"(7, 5)",580,0.2853,419,39
"(7, 5)",590,0.2744,420,39
"(7, 5)",600,0.2778,421,39
"(7, 5)",610,0.2708,422,39
"(7, 5)",620,0.2356,423,39
"(7, 5)",630,0.2078,424,39
"(7, 5)",640,0.2145,425,39
"(7, 5)",650,0.2484,426,39
"(7, 5)",660,0.2442,427,39
"(7, 5)",670,0.1756,428,39
"(7, 5)",680,0.1025,429,39
"(8, 5)",580,0.2852,430,40
"(8, 5)",590,0.2187,431,40
"(8, 5)",600,0.1659,432,40
"(8, 5)",610,0.1309,433,40
"(8, 5)",620,0.1083,434,40
"(8, 5)",630,0.0943,435,40
"(8, 5)",640,0.0898,436,40
"(8, 5)",650,0.0896,437,40
"(8, 5)",660,0.0785,438,40
"(8, 5)",670,0.0532,439,40
"(8, 5)",680,0.0303,440,40
"(1, 6)",580,0.2871,441,41
"(1, 6)",590,0.2239,442,41
"(1, 6)",600,0.1744,443,41
"(1, 6)",610,0.1406,444,41
"(1, 6)",620,0.1173,445,41
"(1, 6)",630,0.1032,446,41
"(1, 6)",640,0.1,447,41
"(1, 6)",650,0.1024,448,41
"(1, 6)",660,0.0911,449,41
"(1, 6)",670,0.062,450,41
"(1, 6)",680,0.0355,451,41
"(2, 6)",580,0.2848,452,42
"(2, 6)",590,0.2744,453,42
"(2, 6)",600,0.2783,454,42
"(2, 6)",610,0.2708,455,42
"(2, 6)",620,0.2355,456,42
"(2, 6)",630,0.2083,457,42
"(2, 6)",640,0.2152,458,42
"(2, 6)",650,0.2487,459,42
"(2, 6)",660,0.2442,460,42
"(2, 6)",670,0.1756,461,42
"(2, 6)",680,0.1026,462,42
"(3, 6)",580,0.2857,463,43
"(3, 6)",590,0.2237,464,43
"(3, 6)",600,0.1746,465,43
"(3, 6)",610,0.1412,466,43
"(3, 6)",620,0.118,467,43
"(3, 6)",630,0.1041,468,43
"(3, 6)",640,0.1011,469,43
"(3, 6)",650,0.1039,470,43
"(3, 6)",660,0.0932,471,43
"(3, 6)",670,0.0637,472,43
"(3, 6)",680,0.0363,473,43
"(4, 6)",580,0.2837,474,44
"(4, 6)",590,0.2752,475,44
"(4, 6)",600,0.2813,476,44
"(4, 6)",610,0.2754,477,44
"(4, 6)",620,0.2397,478,44
"(4, 6)",630,0.2113,479,44
"(4, 6)",640,0.2172,480,44
"(4, 6)",650,0.251,481,44
"(4, 6)",660,0.2473,482,44
"(4, 6)",670,0.1786,483,44
"(4, 6)",680,0.1049,484,44
"(5, 6)",580,0.2815,485,45
"(5, 6)",590,0.2137,486,45
"(5, 6)",600,0.1591,487,45
"(5, 6)",610,0.1239,488,45
"(5, 6)",620,0.1014,489,45
"(5, 6)",630,0.0885,490,45
"(5, 6)",640,0.0832,491,45
"(5, 6)",650,0.0811,492,45
"(5, 6)",660,0.07,493,45
"(5, 6)",670,0.0475,494,45
"(5, 6)",680,0.0272,495,45
"(6, 6)",580,0.2838,496,46
"(6, 6)",590,0.2742,497,46
"(6, 6)",600,0.2788,498,46
"(6, 6)",610,0.2722,499,46
"(6, 6)",620,0.2371,500,46
"(6, 6)",630,0.2094,501,46
"(6, 6)",640,0.2159,502,46
"(6, 6)",650,0.2492,503,46
"(6, 6)",660,0.2454,504,46
"(6, 6)",670,0.1768,505,46
"(6, 6)",680,0.1037,506,46
"(7, 6)",580,0.285,507,47
"(7, 6)",590,0.2198,508,47
"(7, 6)",600,0.1679,509,47
"(7, 6)",610,0.1331,510,47
"(7, 6)",620,0.1106,511,47
"(7, 6)",630,0.0966,512,47
"(7, 6)",640,0.0926,513,47
"(7, 6)",650,0.0932,514,47
"(7, 6)",660,0.0825,515,47
"(7, 6)",670,0.0561,516,47
"(7, 6)",680,0.0321,517,47
"(8, 6)",580,0.2839,518,48
"(8, 6)",590,0.2751,519,48
"(8, 6)",600,0.2808,520,48
"(8, 6)",610,0.2747,521,48
"(8, 6)",620,0.2394,522,48
"(8, 6)",630,0.2113,523,48
"(8, 6)",640,0.217,524,48
"(8, 6)",650,0.2509,525,48
"(8, 6)",660,0.2473,526,48
"(8, 6)",670,0.1783,527,48
"(8, 6)",680,0.1048,528,48
"(1, 7)",580,0.2847,529,49
"(1, 7)",590,0.2747,530,49
"(1, 7)",600,0.2798,531,49
"(1, 7)",610,0.2729,532,49
"(1, 7)",620,0.2379,533,49
"(1, 7)",630,0.2101,534,49
"(1, 7)",640,0.2168,535,49
"(1, 7)",650,0.2506,536,49
"(1, 7)",660,0.2458,537,49
"(1, 7)",670,0.1768,538,49
"(1, 7)",680,0.1037,539,49
"(2, 7)",580,0.2836,540,50
"(2, 7)",590,0.2229,541,50
"(2, 7)",600,0.1748,542,50
"(2, 7)",610,0.1417,543,50
"(2, 7)",620,0.1184,544,50
"(2, 7)",630,0.1045,545,50
"(2, 7)",640,0.1017,546,50
"(2, 7)",650,0.1052,547,50
"(2, 7)",660,0.0945,548,50
"(2, 7)",670,0.0648,549,50
"(2, 7)",680,0.0369,550,50
"(3, 7)",580,0.2846,551,51
"(3, 7)",590,0.2745,552,51
"(3, 7)",600,0.2781,553,51
"(3, 7)",610,0.271,554,51
"(3, 7)",620,0.2361,555,51
"(3, 7)",630,0.2086,556,51
"(3, 7)",640,0.2153,557,51
"(3, 7)",650,0.2486,558,51
"(3, 7)",660,0.2444,559,51
"(3, 7)",670,0.1757,560,51
"(3, 7)",680,0.103,561,51
"(4, 7)",580,0.2833,562,52
"(4, 7)",590,0.2245,563,52
"(4, 7)",600,0.1784,564,52
"(4, 7)",610,0.1466,565,52
"(4, 7)",620,0.1227,566,52
"(4, 7)",630,0.1087,567,52
"(4, 7)",640,0.1072,568,52
"(4, 7)",650,0.1125,569,52
"(4, 7)",660,0.1021,570,52
"(4, 7)",670,0.0697,571,52
"(4, 7)",680,0.0393,572,52
"(5, 7)",580,0.2842,573,53
"(5, 7)",590,0.2746,574,53
"(5, 7)",600,0.2793,575,53
"(5, 7)",610,0.273,576,53
"(5, 7)",620,0.2378,577,53
"(5, 7)",630,0.2098,578,53
"(5, 7)",640,0.2159,579,53
"(5, 7)",650,0.2495,580,53
"(5, 7)",660,0.2455,581,53
"(5, 7)",670,0.1771,582,53
"(5, 7)",680,0.1038,583,53
"(6, 7)",580,0.2838,584,54
"(6, 7)",590,0.2166,585,54
"(6, 7)",600,0.1625,586,54
"(6, 7)",610,0.127,587,54
"(6, 7)",620,0.1048,588,54
"(6, 7)",630,0.0915,589,54
"(6, 7)",640,0.0863,590,54
"(6, 7)",650,0.0851,591,54
"(6, 7)",660,0.0739,592,54
"(6, 7)",670,0.05,593,54
"(6, 7)",680,0.0284,594,54
"(7, 7)",580,0.2842,595,55
"(7, 7)",590,0.2737,596,55
"(7, 7)",600,0.2774,597,55
"(7, 7)",610,0.27,598,55
"(7, 7)",620,0.2351,599,55
"(7, 7)",630,0.2078,600,55
"(7, 7)",640,0.2146,601,55
"(7, 7)",650,0.2478,602,55
"(7, 7)",660,0.2438,603,55
"(7, 7)",670,0.175,604,55
"(7, 7)",680,0.1025,605,55
"(8, 7)",580,0.2842,606,56
"(8, 7)",590,0.2189,607,56
"(8, 7)",600,0.1658,608,56
"(8, 7)",610,0.1308,609,56
"(8, 7)",620,0.1081,610,56
"(8, 7)",630,0.095,611,56
"(8, 7)",640,0.0901,612,56
"(8, 7)",650,0.0897,613,56
"(8, 7)",660,0.0787,614,56
"(8, 7)",670,0.0537,615,56
"(8, 7)",680,0.031,616,56
"(1, 8)",580,0.2811,617,57
"(1, 8)",590,0.2201,618,57
"(1, 8)",600,0.1715,619,57
"(1, 8)",610,0.1383,620,57
"(1, 8)",620,0.1156,621,57
"(1, 8)",630,0.1017,622,57
"(1, 8)",640,0.099,623,57
"(1, 8)",650,0.1013,624,57
"(1, 8)",660,0.0908,625,57
"(1, 8)",670,0.0622,626,57
"(1, 8)",680,0.036,627,57
"(2, 8)",580,0.2821,628,58
"(2, 8)",590,0.2719,629,58
"(2, 8)",600,0.2761,630,58
"(2, 8)",610,0.2691,631,58
"(2, 8)",620,0.2344,632,58
"(2, 8)",630,0.2069,633,58
"(2, 8)",640,0.2134,634,58
"(2, 8)",650,0.247,635,58
"(2, 8)",660,0.2423,636,58
"(2, 8)",670,0.1744,637,58
"(2, 8)",680,0.102,638,58
"(3, 8)",580,0.2854,639,59
"(3, 8)",590,0.2186,640,59
"(3, 8)",600,0.1657,641,59
"(3, 8)",610,0.13,642,59
"(3, 8)",620,0.1072,643,59
"(3, 8)",630,0.0938,644,59
"(3, 8)",640,0.0892,645,59
"(3, 8)",650,0.0887,646,59
"(3, 8)",660,0.0774,647,59
"(3, 8)",670,0.0526,648,59
"(3, 8)",680,0.0302,649,59
"(4, 8)",580,0.2827,650,60
"(4, 8)",590,0.2732,651,60
"(4, 8)",600,0.2778,652,60
"(4, 8)",610,0.2714,653,60
"(4, 8)",620,0.2363,654,60
"(4, 8)",630,0.2085,655,60
"(4, 8)",640,0.2148,656,60
"(4, 8)",650,0.2482,657,60
"(4, 8)",660,0.2442,658,60
"(4, 8)",670,0.1757,659,60
"(4, 8)",680,0.1031,660,60
"(5, 8)",580,0.2852,661,61
"(5, 8)",590,0.2195,662,61
"(5, 8)",600,0.1673,663,61
"(5, 8)",610,0.1326,664,61
"(5, 8)",620,0.1098,665,61
"(5, 8)",630,0.096,666,61
"(5, 8)",640,0.0919,667,61
"(5, 8)",650,0.092,668,61
"(5, 8)",660,0.0812,669,61
"(5, 8)",670,0.0551,670,61
"(5, 8)",680,0.0314,671,61
"(6, 8)",580,0.284,672,62
"(6, 8)",590,0.2739,673,62
"(6, 8)",600,0.2779,674,62
"(6, 8)",610,0.2712,675,62
"(6, 8)",620,0.2359,676,62
"(6, 8)",630,0.2084,677,62
"(6, 8)",640,0.2147,678,62
"(6, 8)",650,0.2485,679,62
"(6, 8)",660,0.2444,680,62
"(6, 8)",670,0.1755,681,62
"(6, 8)",680,0.1027,682,62
"(7, 8)",580,0.2839,683,63
"(7, 8)",590,0.2193,684,63
"(7, 8)",600,0.1679,685,63
"(7, 8)",610,0.1336,686,63
"(7, 8)",620,0.1109,687,63
"(7, 8)",630,0.0972,688,63
"(7, 8)",640,0.0932,689,63
"(7, 8)",650,0.0937,690,63
"(7, 8)",660,0.0829,691,63
"(7, 8)",670,0.0566,692,63
"(7, 8)",680,0.0322,693,63
"(8, 8)",580,0.2839,694,64
"(8, 8)",590,0.2736,695,64
"(8, 8)",600,0.2778,696,64
"(8, 8)",610,0.2708,697,64
"(8, 8)",620,0.2358,698,64
"(8, 8)",630,0.2083,699,64
"(8, 8)",640,0.2148,700,64
"(8, 8)",650,0.2485,701,64
"(8, 8)",660,0.2443,702,64
"(8, 8)",670,0.1757,703,64
"(8, 8)",680,0.1028,704,64
"(1, 9)",580,0.2849,705,65
"(1, 9)",590,0.2748,706,65
"(1, 9)",600,0.2787,707,65
"(1, 9)",610,0.2718,708,65
"(1, 9)",620,0.2366,709,65
"(1, 9)",630,0.2094,710,65
"(1, 9)",640,0.2162,711,65
"(1, 9)",650,0.25,712,65
"(1, 9)",660,0.2453,713,65
"(1, 9)",670,0.1762,714,65
"(1, 9)",680,0.1031,715,65
"(2, 9)",580,0.2815,716,66
"(2, 9)",590,0.2214,717,66
"(2, 9)",600,0.1745,718,66
"(2, 9)",610,0.1416,719,66
"(2, 9)",620,0.1182,720,66
"(2, 9)",630,0.1046,721,66
"(2, 9)",640,0.1021,722,66
"(2, 9)",650,0.1062,723,66
"(2, 9)",660,0.0958,724,66
"(2, 9)",670,0.065,725,66
"(2, 9)",680,0.0367,726,66
"(3, 9)",580,0.2831,727,67
"(3, 9)",590,0.2734,728,67
"(3, 9)",600,0.2781,729,67
"(3, 9)",610,0.2715,730,67
"(3, 9)",620,0.2363,731,67
"(3, 9)",630,0.2091,732,67
"(3, 9)",640,0.2156,733,67
"(3, 9)",650,0.2492,734,67
"(3, 9)",660,0.2448,735,67
"(3, 9)",670,0.176,736,67
"(3, 9)",680,0.1032,737,67
"(4, 9)",580,0.2841,738,68
"(4, 9)",590,0.2162,739,68
"(4, 9)",600,0.1617,740,68
"(4, 9)",610,0.1261,741,68
"(4, 9)",620,0.104,742,68
"(4, 9)",630,0.0899,743,68
"(4, 9)",640,0.0846,744,68
"(4, 9)",650,0.0818,745,68
"(4, 9)",660,0.0704,746,68
"(4, 9)",670,0.0477,747,68
"(4, 9)",680,0.0281,748,68
"(5, 9)",580,0.2837,749,69
"(5, 9)",590,0.2736,750,69
"(5, 9)",600,0.2773,751,69
"(5, 9)",610,0.2697,752,69
"(5, 9)",620,0.2347,753,69
"(5, 9)",630,0.2073,754,69
"(5, 9)",640,0.214,755,69
"(5, 9)",650,0.2476,756,69
"(5, 9)",660,0.2431,757,69
"(5, 9)",670,0.1749,758,69
"(5, 9)",680,0.1023,759,69
"(6, 9)",580,0.2854,760,70
"(6, 9)",590,0.2141,761,70
"(6, 9)",600,0.1566,762,70
"(6, 9)",610,0.1193,763,70
"(6, 9)",620,0.0974,764,70
"(6, 9)",630,0.0843,765,70
"(6, 9)",640,0.0778,766,70
"(6, 9)",650,0.0735,767,70
"(6, 9)",660,0.0622,768,70
"(6, 9)",670,0.0419,769,70
"(6, 9)",680,0.0242,770,70
"(7, 9)",580,0.2839,771,71
"(7, 9)",590,0.2733,772,71
"(7, 9)",600,0.2773,773,71
"(7, 9)",610,0.2699,774,71
"(7, 9)",620,0.2348,775,71
"(7, 9)",630,0.2079,776,71
"(7, 9)",640,0.2146,777,71
"(7, 9)",650,0.2479,778,71
"(7, 9)",660,0.2438,779,71
"(7, 9)",670,0.1749,780,71
"(7, 9)",680,0.1025,781,71
"(8, 9)",580,0.2839,782,72
"(8, 9)",590,0.2169,783,72
"(8, 9)",600,0.1629,784,72
"(8, 9)",610,0.1275,785,72
"(8, 9)",620,0.1053,786,72
"(8, 9)",630,0.0917,787,72
"(8, 9)",640,0.0866,788,72
"(8, 9)",650,0.085,789,72
"(8, 9)",660,0.074,790,72
"(8, 9)",670,0.0499,791,72
"(8, 9)",680,0.0285,792,72
"(1, 10)",580,0.279,793,73
"(1, 10)",590,0.2214,794,73
"(1, 10)",600,0.1765,795,73
"(1, 10)",610,0.145,796,73
"(1, 10)",620,0.1215,797,73
"(1, 10)",630,0.1079,798,73
"(1, 10)",640,0.1063,799,73
"(1, 10)",650,0.1111,800,73
"(1, 10)",660,0.101,801,73
"(1, 10)",670,0.0694,802,73
"(1, 10)",680,0.0405,803,73
"(2, 10)",580,0.2832,804,74
"(2, 10)",590,0.2724,805,74
"(2, 10)",600,0.2758,806,74
"(2, 10)",610,0.2685,807,74
"(2, 10)",620,0.2334,808,74
"(2, 10)",630,0.2065,809,74
"(2, 10)",640,0.2134,810,74
"(2, 10)",650,0.2467,811,74
"(2, 10)",660,0.2421,812,74
"(2, 10)",670,0.1736,813,74
"(2, 10)",680,0.1021,814,74
"(3, 10)",580,0.2843,815,75
"(3, 10)",590,0.2208,816,75
"(3, 10)",600,0.1703,817,75
"(3, 10)",610,0.136,818,75
"(3, 10)",620,0.1132,819,75
"(3, 10)",630,0.0998,820,75
"(3, 10)",640,0.0961,821,75
"(3, 10)",650,0.0977,822,75
"(3, 10)",660,0.0867,823,75
"(3, 10)",670,0.0591,824,75
"(3, 10)",680,0.0337,825,75
"(4, 10)",580,0.2816,826,76
"(4, 10)",590,0.2716,827,76
"(4, 10)",600,0.2769,828,76
"(4, 10)",610,0.2702,829,76
"(4, 10)",620,0.2357,830,76
"(4, 10)",630,0.208,831,76
"(4, 10)",640,0.2144,832,76
"(4, 10)",650,0.248,833,76
"(4, 10)",660,0.2439,834,76
"(4, 10)",670,0.1754,835,76
"(4, 10)",680,0.1031,836,76
"(5, 10)",580,0.2837,837,77
"(5, 10)",590,0.2201,838,77
"(5, 10)",600,0.1695,839,77
"(5, 10)",610,0.1351,840,77
"(5, 10)",620,0.1126,841,77
"(5, 10)",630,0.0986,842,77
"(5, 10)",640,0.0953,843,77
"(5, 10)",650,0.0966,844,77
"(5, 10)",660,0.0857,845,77
"(5, 10)",670,0.0582,846,77
"(5, 10)",680,0.0332,847,77
"(6, 10)",580,0.2831,848,78
"(6, 10)",590,0.2734,849,78
"(6, 10)",600,0.2783,850,78
"(6, 10)",610,0.2714,851,78
"(6, 10)",620,0.2365,852,78
"(6, 10)",630,0.2088,853,78
"(6, 10)",640,0.2152,854,78
"(6, 10)",650,0.2488,855,78
"(6, 10)",660,0.2447,856,78
"(6, 10)",670,0.1762,857,78
"(6, 10)",680,0.1032,858,78
"(7, 10)",580,0.2844,859,79
"(7, 10)",590,0.2177,860,79
"(7, 10)",600,0.1641,861,79
"(7, 10)",610,0.1288,862,79
"(7, 10)",620,0.1063,863,79
"(7, 10)",630,0.0928,864,79
"(7, 10)",640,0.0881,865,79
"(7, 10)",650,0.0873,866,79
"(7, 10)",660,0.0762,867,79
"(7, 10)",670,0.0516,868,79
"(7, 10)",680,0.0296,869,79
"(8, 10)",580,0.2827,870,80
"(8, 10)",590,0.273,871,80
"(8, 10)",600,0.2777,872,80
"(8, 10)",610,0.2712,873,80
"(8, 10)",620,0.2357,874,80
"(8, 10)",630,0.2082,875,80
"(8, 10)",640,0.2146,876,80
"(8, 10)",650,0.2481,877,80
"(8, 10)",660,0.2442,878,80
"(8, 10)",670,0.1761,879,80
"(8, 10)",680,0.103,880,80
"(1, 11)",580,0.2852,881,81
"(1, 11)",590,0.2744,882,81
"(1, 11)",600,0.2777,883,81
"(1, 11)",610,0.2704,884,81
"(1, 11)",620,0.2355,885,81
"(1, 11)",630,0.2085,886,81
"(1, 11)",640,0.2152,887,81
"(1, 11)",650,0.2487,888,81
"(1, 11)",660,0.244,889,81
"(1, 11)",670,0.1753,890,81
"(1, 11)",680,0.1028,891,81
"(2, 11)",580,0.2887,892,82
"(2, 11)",590,0.237,893,82
"(2, 11)",600,0.1938,894,82
"(2, 11)",610,0.1577,895,82
"(2, 11)",620,0.131,896,82
"(2, 11)",630,0.1173,897,82
"(2, 11)",640,0.1176,898,82
"(2, 11)",650,0.1216,899,82
"(2, 11)",660,0.1058,900,82
"(2, 11)",670,0.0708,901,82
"(2, 11)",680,0.04,902,82
"(3, 11)",580,0.2849,903,83
"(3, 11)",590,0.2742,904,83
"(3, 11)",600,0.2782,905,83
"(3, 11)",610,0.271,906,83
"(3, 11)",620,0.2356,907,83
"(3, 11)",630,0.2084,908,83
"(3, 11)",640,0.2154,909,83
"(3, 11)",650,0.2488,910,83
"(3, 11)",660,0.2443,911,83
"(3, 11)",670,0.1753,912,83
"(3, 11)",680,0.1027,913,83
"(4, 11)",580,0.2837,914,84
"(4, 11)",590,0.2209,915,84
"(4, 11)",600,0.1704,916,84
"(4, 11)",610,0.1363,917,84
"(4, 11)",620,0.1134,918,84
"(4, 11)",630,0.0997,919,84
"(4, 11)",640,0.0963,920,84
"(4, 11)",650,0.0979,921,84
"(4, 11)",660,0.0871,922,84
"(4, 11)",670,0.0593,923,84
"(4, 11)",680,0.0338,924,84
"(5, 11)",580,0.2857,925,85
"(5, 11)",590,0.275,926,85
"(5, 11)",600,0.2787,927,85
"(5, 11)",610,0.2718,928,85
"(5, 11)",620,0.2365,929,85
"(5, 11)",630,0.2088,930,85
"(5, 11)",640,0.2153,931,85
"(5, 11)",650,0.2488,932,85
"(5, 11)",660,0.2444,933,85
"(5, 11)",670,0.1757,934,85
"(5, 11)",680,0.1027,935,85
"(6, 11)",580,0.2832,936,86
"(6, 11)",590,0.2201,937,86
"(6, 11)",600,0.1697,938,86
"(6, 11)",610,0.1363,939,86
"(6, 11)",620,0.113,940,86
"(6, 11)",630,0.0996,941,86
"(6, 11)",640,0.0966,942,86
"(6, 11)",650,0.0981,943,86
"(6, 11)",660,0.0874,944,86
"(6, 11)",670,0.0595,945,86
"(6, 11)",680,0.0337,946,86
"(7, 11)",580,0.2845,947,87
"(7, 11)",590,0.273,948,87
"(7, 11)",600,0.2763,949,87
"(7, 11)",610,0.2687,950,87
"(7, 11)",620,0.2339,951,87
"(7, 11)",630,0.2067,952,87
"(7, 11)",640,0.2133,953,87
"(7, 11)",650,0.2468,954,87
"(7, 11)",660,0.2423,955,87
"(7, 11)",670,0.1737,956,87
"(7, 11)",680,0.1017,957,87
"(8, 11)",580,0.2858,958,88
"(8, 11)",590,0.2186,959,88
"(8, 11)",600,0.1649,960,88
"(8, 11)",610,0.129,961,88
"(8, 11)",620,0.1064,962,88
"(8, 11)",630,0.0931,963,88
"(8, 11)",640,0.0884,964,88
"(8, 11)",650,0.0872,965,88
"(8, 11)",660,0.0759,966,88
"(8, 11)",670,0.0515,967,88
"(8, 11)",680,0.0296,968,88
"(1, 12)",580,0.2804,969,89
"(1, 12)",590,0.2219,970,89
"(1, 12)",600,0.1758,971,89
"(1, 12)",610,0.1442,972,89
"(1, 12)",620,0.1214,973,89
"(1, 12)",630,0.107,974,89
"(1, 12)",640,0.1053,975,89
"(1, 12)",650,0.1099,976,89
"(1, 12)",660,0.0992,977,89
"(1, 12)",670,0.0685,978,89
"(1, 12)",680,0.0397,979,89
"(2, 12)",580,0.2836,980,90
"(2, 12)",590,0.2735,981,90
"(2, 12)",600,0.2779,982,90
"(2, 12)",610,0.2708,983,90
"(2, 12)",620,0.2357,984,90
"(2, 12)",630,0.2084,985,90
"(2, 12)",640,0.2147,986,90
"(2, 12)",650,0.2483,987,90
"(2, 12)",660,0.2438,988,90
"(2, 12)",670,0.1752,989,90
"(2, 12)",680,0.1028,990,90
"(3, 12)",580,0.2843,991,91
"(3, 12)",590,0.2212,992,91
"(3, 12)",600,0.1707,993,91
"(3, 12)",610,0.1368,994,91
"(3, 12)",620,0.1138,995,91
"(3, 12)",630,0.1001,996,91
"(3, 12)",640,0.0967,997,91
"(3, 12)",650,0.0985,998,91
"(3, 12)",660,0.0878,999,91
"(3, 12)",670,0.06,1000,91
"(3, 12)",680,0.0343,1001,91
"(4, 12)",580,0.2831,1002,92
"(4, 12)",590,0.2736,1003,92
"(4, 12)",600,0.278,1004,92
"(4, 12)",610,0.2718,1005,92
"(4, 12)",620,0.2363,1006,92
"(4, 12)",630,0.2088,1007,92
"(4, 12)",640,0.2152,1008,92
"(4, 12)",650,0.2487,1009,92
"(4, 12)",660,0.2446,1010,92
"(4, 12)",670,0.1762,1011,92
"(4, 12)",680,0.1032,1012,92
"(5, 12)",580,0.2839,1013,93
"(5, 12)",590,0.2196,1014,93
"(5, 12)",600,0.1682,1015,93
"(5, 12)",610,0.1337,1016,93
"(5, 12)",620,0.1111,1017,93
"(5, 12)",630,0.0973,1018,93
"(5, 12)",640,0.0935,1019,93
"(5, 12)",650,0.0944,1020,93
"(5, 12)",660,0.0838,1021,93
"(5, 12)",670,0.0567,1022,93
"(5, 12)",680,0.0325,1023,93
"(6, 12)",580,0.2846,1024,94
"(6, 12)",590,0.2757,1025,94
"(6, 12)",600,0.2803,1026,94
"(6, 12)",610,0.2724,1027,94
"(6, 12)",620,0.237,1028,94
"(6, 12)",630,0.2098,1029,94
"(6, 12)",640,0.2165,1030,94
"(6, 12)",650,0.2494,1031,94
"(6, 12)",660,0.2438,1032,94
"(6, 12)",670,0.1754,1033,94
"(6, 12)",680,0.1028,1034,94
"(7, 12)",580,0.2789,1035,95
"(7, 12)",590,0.2151,1036,95
"(7, 12)",600,0.1644,1037,95
"(7, 12)",610,0.1305,1038,95
"(7, 12)",620,0.1084,1039,95
"(7, 12)",630,0.0951,1040,95
"(7, 12)",640,0.091,1041,95
"(7, 12)",650,0.0916,1042,95
"(7, 12)",660,0.0809,1043,95
"(7, 12)",670,0.0551,1044,95
"(7, 12)",680,0.0313,1045,95
"(8, 12)",580,0.2834,1046,96
"(8, 12)",590,0.2738,1047,96
"(8, 12)",600,0.2789,1048,96
"(8, 12)",610,0.2724,1049,96
"(8, 12)",620,0.2371,1050,96
"(8, 12)",630,0.2094,1051,96
"(8, 12)",640,0.2152,1052,96
"(8, 12)",650,0.2486,1053,96
"(8, 12)",660,0.2453,1054,96
"(8, 12)",670,0.1769,1055,96
"(8, 12)",680,0.1037,1056,96